location,location_name,year,week,target_end_date,value,status,release_status,data_version,source_region_code,source_year_week,official_release_time
SE,Sverige,2015,27,2015-07-05,,suppressed,historical,2026-08-25T00:00:00Z,00,2015W27,
SE-M,Region Skåne,2015,27,2015-07-05,,suppressed,historical,2026-08-25T00:00:00Z,12,2015W27,
SE-O,Västra Götalandsregionen,2015,27,2015-07-05,,suppressed,historical,2026-08-25T00:00:00Z,14,2015W27,
SE,Sverige,2015,28,2015-07-12,,suppressed,historical,2026-08-25T00:00:00Z,00,2015W28,
SE-M,Region Skåne,2015,28,2015-07-12,,suppressed,historical,2026-08-25T00:00:00Z,12,2015W28,
SE-O,Västra Götalandsregionen,2015,28,2015-07-12,,suppressed,historical,2026-08-25T00:00:00Z,14,2015W28,
SE,Sverige,2015,29,2015-07-19,,suppressed,historical,2026-08-25T00:00:00Z,00,2015W29,
SE-M,Region Skåne,2015,29,2015-07-19,,suppressed,historical,2026-08-25T00:00:00Z,12,2015W29,
SE-O,Västra Götalandsregionen,2015,29,2015-07-19,,suppressed,historical,2026-08-25T00:00:00Z,14,2015W29,
SE,Sverige,2015,30,2015-07-26,,suppressed,historical,2026-08-25T00:00:00Z,00,2015W30,
SE-M,Region Skåne,2015,30,2015-07-26,,suppressed,historical,2026-08-25T00:00:00Z,12,2015W30,
SE-O,Västra Götalandsregionen,2015,30,2015-07-26,,suppressed,historical,2026-08-25T00:00:00Z,14,2015W30,
SE,Sverige,2015,31,2015-08-02,,suppressed,historical,2026-08-25T00:00:00Z,00,2015W31,
SE-M,Region Skåne,2015,31,2015-08-02,,suppressed,historical,2026-08-25T00:00:00Z,12,2015W31,
SE-O,Västra Götalandsregionen,2015,31,2015-08-02,,suppressed,historical,2026-08-25T00:00:00Z,14,2015W31,
SE,Sverige,2015,32,2015-08-09,,suppressed,historical,2026-08-25T00:00:00Z,00,2015W32,
SE-M,Region Skåne,2015,32,2015-08-09,,suppressed,historical,2026-08-25T00:00:00Z,12,2015W32,
SE-O,Västra Götalandsregionen,2015,32,2015-08-09,,suppressed,historical,2026-08-25T00:00:00Z,14,2015W32,
SE,Sverige,2015,33,2015-08-16,,suppressed,historical,2026-08-25T00:00:00Z,00,2015W33,
SE-M,Region Skåne,2015,33,2015-08-16,,suppressed,historical,2026-08-25T00:00:00Z,12,2015W33,
SE-O,Västra Götalandsregionen,2015,33,2015-08-16,,suppressed,historical,2026-08-25T00:00:00Z,14,2015W33,
SE,Sverige,2015,34,2015-08-23,,suppressed,historical,2026-08-25T00:00:00Z,00,2015W34,
SE-M,Region Skåne,2015,34,2015-08-23,,suppressed,historical,2026-08-25T00:00:00Z,12,2015W34,
SE-O,Västra Götalandsregionen,2015,34,2015-08-23,,suppressed,historical,2026-08-25T00:00:00Z,14,2015W34,
SE,Sverige,2015,35,2015-08-30,,suppressed,historical,2026-08-25T00:00:00Z,00,2015W35,
SE-M,Region Skåne,2015,35,2015-08-30,,suppressed,historical,2026-08-25T00:00:00Z,12,2015W35,
SE-O,Västra Götalandsregionen,2015,35,2015-08-30,,suppressed,historical,2026-08-25T00:00:00Z,14,2015W35,
SE,Sverige,2015,36,2015-09-06,,suppressed,historical,2026-08-25T00:00:00Z,00,2015W36,
SE-M,Region Skåne,2015,36,2015-09-06,,suppressed,historical,2026-08-25T00:00:00Z,12,2015W36,
SE-O,Västra Götalandsregionen,2015,36,2015-09-06,,suppressed,historical,2026-08-25T00:00:00Z,14,2015W36,
SE,Sverige,2015,37,2015-09-13,,suppressed,historical,2026-08-25T00:00:00Z,00,2015W37,
SE-M,Region Skåne,2015,37,2015-09-13,,suppressed,historical,2026-08-25T00:00:00Z,12,2015W37,
SE-O,Västra Götalandsregionen,2015,37,2015-09-13,,suppressed,historical,2026-08-25T00:00:00Z,14,2015W37,
SE,Sverige,2015,38,2015-09-20,,suppressed,historical,2026-08-25T00:00:00Z,00,2015W38,
SE-M,Region Skåne,2015,38,2015-09-20,,suppressed,historical,2026-08-25T00:00:00Z,12,2015W38,
SE-O,Västra Götalandsregionen,2015,38,2015-09-20,,suppressed,historical,2026-08-25T00:00:00Z,14,2015W38,
SE,Sverige,2015,39,2015-09-27,,suppressed,historical,2026-08-25T00:00:00Z,00,2015W39,
SE-M,Region Skåne,2015,39,2015-09-27,,suppressed,historical,2026-08-25T00:00:00Z,12,2015W39,
SE-O,Västra Götalandsregionen,2015,39,2015-09-27,,suppressed,historical,2026-08-25T00:00:00Z,14,2015W39,
SE,Sverige,2015,40,2015-10-04,,suppressed,historical,2026-08-25T00:00:00Z,00,2015W40,
SE-M,Region Skåne,2015,40,2015-10-04,,suppressed,historical,2026-08-25T00:00:00Z,12,2015W40,
SE-O,Västra Götalandsregionen,2015,40,2015-10-04,,suppressed,historical,2026-08-25T00:00:00Z,14,2015W40,
SE,Sverige,2015,41,2015-10-11,,suppressed,historical,2026-08-25T00:00:00Z,00,2015W41,
SE-M,Region Skåne,2015,41,2015-10-11,,suppressed,historical,2026-08-25T00:00:00Z,12,2015W41,
SE-O,Västra Götalandsregionen,2015,41,2015-10-11,,suppressed,historical,2026-08-25T00:00:00Z,14,2015W41,
SE,Sverige,2015,42,2015-10-18,,suppressed,historical,2026-08-25T00:00:00Z,00,2015W42,
SE-M,Region Skåne,2015,42,2015-10-18,,suppressed,historical,2026-08-25T00:00:00Z,12,2015W42,
SE-O,Västra Götalandsregionen,2015,42,2015-10-18,,suppressed,historical,2026-08-25T00:00:00Z,14,2015W42,
SE,Sverige,2015,43,2015-10-25,,suppressed,historical,2026-08-25T00:00:00Z,00,2015W43,
SE-M,Region Skåne,2015,43,2015-10-25,,suppressed,historical,2026-08-25T00:00:00Z,12,2015W43,
SE-O,Västra Götalandsregionen,2015,43,2015-10-25,,suppressed,historical,2026-08-25T00:00:00Z,14,2015W43,
SE,Sverige,2015,44,2015-11-01,,suppressed,historical,2026-08-25T00:00:00Z,00,2015W44,
SE-M,Region Skåne,2015,44,2015-11-01,,suppressed,historical,2026-08-25T00:00:00Z,12,2015W44,
SE-O,Västra Götalandsregionen,2015,44,2015-11-01,,suppressed,historical,2026-08-25T00:00:00Z,14,2015W44,
SE,Sverige,2015,45,2015-11-08,,suppressed,historical,2026-08-25T00:00:00Z,00,2015W45,
SE-M,Region Skåne,2015,45,2015-11-08,,suppressed,historical,2026-08-25T00:00:00Z,12,2015W45,
SE-O,Västra Götalandsregionen,2015,45,2015-11-08,,suppressed,historical,2026-08-25T00:00:00Z,14,2015W45,
SE,Sverige,2015,46,2015-11-15,,suppressed,historical,2026-08-25T00:00:00Z,00,2015W46,
SE-M,Region Skåne,2015,46,2015-11-15,,suppressed,historical,2026-08-25T00:00:00Z,12,2015W46,
SE-O,Västra Götalandsregionen,2015,46,2015-11-15,,suppressed,historical,2026-08-25T00:00:00Z,14,2015W46,
SE,Sverige,2015,47,2015-11-22,,suppressed,historical,2026-08-25T00:00:00Z,00,2015W47,
SE-M,Region Skåne,2015,47,2015-11-22,,suppressed,historical,2026-08-25T00:00:00Z,12,2015W47,
SE-O,Västra Götalandsregionen,2015,47,2015-11-22,,suppressed,historical,2026-08-25T00:00:00Z,14,2015W47,
SE,Sverige,2015,48,2015-11-29,,suppressed,historical,2026-08-25T00:00:00Z,00,2015W48,
SE-M,Region Skåne,2015,48,2015-11-29,,suppressed,historical,2026-08-25T00:00:00Z,12,2015W48,
SE-O,Västra Götalandsregionen,2015,48,2015-11-29,,suppressed,historical,2026-08-25T00:00:00Z,14,2015W48,
SE,Sverige,2015,49,2015-12-06,90,available,historical,2026-08-25T00:00:00Z,00,2015W49,
SE-M,Region Skåne,2015,49,2015-12-06,9,available,historical,2026-08-25T00:00:00Z,12,2015W49,
SE-O,Västra Götalandsregionen,2015,49,2015-12-06,10,available,historical,2026-08-25T00:00:00Z,14,2015W49,
SE,Sverige,2015,50,2015-12-13,112,available,historical,2026-08-25T00:00:00Z,00,2015W50,
SE-M,Region Skåne,2015,50,2015-12-13,16,available,historical,2026-08-25T00:00:00Z,12,2015W50,
SE-O,Västra Götalandsregionen,2015,50,2015-12-13,15,available,historical,2026-08-25T00:00:00Z,14,2015W50,
SE,Sverige,2015,51,2015-12-20,145,available,historical,2026-08-25T00:00:00Z,00,2015W51,
SE-M,Region Skåne,2015,51,2015-12-20,19,available,historical,2026-08-25T00:00:00Z,12,2015W51,
SE-O,Västra Götalandsregionen,2015,51,2015-12-20,18,available,historical,2026-08-25T00:00:00Z,14,2015W51,
SE,Sverige,2015,52,2015-12-27,251,available,historical,2026-08-25T00:00:00Z,00,2015W52,
SE-M,Region Skåne,2015,52,2015-12-27,52,available,historical,2026-08-25T00:00:00Z,12,2015W52,
SE-O,Västra Götalandsregionen,2015,52,2015-12-27,25,available,historical,2026-08-25T00:00:00Z,14,2015W52,
SE,Sverige,2015,53,2016-01-03,260,available,historical,2026-08-25T00:00:00Z,00,2015W53,
SE-M,Region Skåne,2015,53,2016-01-03,37,available,historical,2026-08-25T00:00:00Z,12,2015W53,
SE-O,Västra Götalandsregionen,2015,53,2016-01-03,27,available,historical,2026-08-25T00:00:00Z,14,2015W53,
SE,Sverige,2016,1,2016-01-10,305,available,historical,2026-08-25T00:00:00Z,00,2016W01,
SE-M,Region Skåne,2016,1,2016-01-10,23,available,historical,2026-08-25T00:00:00Z,12,2016W01,
SE-O,Västra Götalandsregionen,2016,1,2016-01-10,29,available,historical,2026-08-25T00:00:00Z,14,2016W01,
SE,Sverige,2016,2,2016-01-17,275,available,historical,2026-08-25T00:00:00Z,00,2016W02,
SE-M,Region Skåne,2016,2,2016-01-17,26,available,historical,2026-08-25T00:00:00Z,12,2016W02,
SE-O,Västra Götalandsregionen,2016,2,2016-01-17,45,available,historical,2026-08-25T00:00:00Z,14,2016W02,
SE,Sverige,2016,3,2016-01-24,378,available,historical,2026-08-25T00:00:00Z,00,2016W03,
SE-M,Region Skåne,2016,3,2016-01-24,46,available,historical,2026-08-25T00:00:00Z,12,2016W03,
SE-O,Västra Götalandsregionen,2016,3,2016-01-24,59,available,historical,2026-08-25T00:00:00Z,14,2016W03,
SE,Sverige,2016,4,2016-01-31,699,available,historical,2026-08-25T00:00:00Z,00,2016W04,
SE-M,Region Skåne,2016,4,2016-01-31,86,available,historical,2026-08-25T00:00:00Z,12,2016W04,
SE-O,Västra Götalandsregionen,2016,4,2016-01-31,125,available,historical,2026-08-25T00:00:00Z,14,2016W04,
SE,Sverige,2016,5,2016-02-07,884,available,historical,2026-08-25T00:00:00Z,00,2016W05,
SE-M,Region Skåne,2016,5,2016-02-07,140,available,historical,2026-08-25T00:00:00Z,12,2016W05,
SE-O,Västra Götalandsregionen,2016,5,2016-02-07,191,available,historical,2026-08-25T00:00:00Z,14,2016W05,
SE,Sverige,2016,6,2016-02-14,1112,available,historical,2026-08-25T00:00:00Z,00,2016W06,
SE-M,Region Skåne,2016,6,2016-02-14,176,available,historical,2026-08-25T00:00:00Z,12,2016W06,
SE-O,Västra Götalandsregionen,2016,6,2016-02-14,219,available,historical,2026-08-25T00:00:00Z,14,2016W06,
SE,Sverige,2016,7,2016-02-21,867,available,historical,2026-08-25T00:00:00Z,00,2016W07,
SE-M,Region Skåne,2016,7,2016-02-21,121,available,historical,2026-08-25T00:00:00Z,12,2016W07,
SE-O,Västra Götalandsregionen,2016,7,2016-02-21,195,available,historical,2026-08-25T00:00:00Z,14,2016W07,
SE,Sverige,2016,8,2016-02-28,768,available,historical,2026-08-25T00:00:00Z,00,2016W08,
SE-M,Region Skåne,2016,8,2016-02-28,152,available,historical,2026-08-25T00:00:00Z,12,2016W08,
SE-O,Västra Götalandsregionen,2016,8,2016-02-28,142,available,historical,2026-08-25T00:00:00Z,14,2016W08,
SE,Sverige,2016,9,2016-03-06,593,available,historical,2026-08-25T00:00:00Z,00,2016W09,
SE-M,Region Skåne,2016,9,2016-03-06,97,available,historical,2026-08-25T00:00:00Z,12,2016W09,
SE-O,Västra Götalandsregionen,2016,9,2016-03-06,115,available,historical,2026-08-25T00:00:00Z,14,2016W09,
SE,Sverige,2016,10,2016-03-13,594,available,historical,2026-08-25T00:00:00Z,00,2016W10,
SE-M,Region Skåne,2016,10,2016-03-13,92,available,historical,2026-08-25T00:00:00Z,12,2016W10,
SE-O,Västra Götalandsregionen,2016,10,2016-03-13,114,available,historical,2026-08-25T00:00:00Z,14,2016W10,
SE,Sverige,2016,11,2016-03-20,516,available,historical,2026-08-25T00:00:00Z,00,2016W11,
SE-M,Region Skåne,2016,11,2016-03-20,63,available,historical,2026-08-25T00:00:00Z,12,2016W11,
SE-O,Västra Götalandsregionen,2016,11,2016-03-20,90,available,historical,2026-08-25T00:00:00Z,14,2016W11,
SE,Sverige,2016,12,2016-03-27,411,available,historical,2026-08-25T00:00:00Z,00,2016W12,
SE-M,Region Skåne,2016,12,2016-03-27,43,available,historical,2026-08-25T00:00:00Z,12,2016W12,
SE-O,Västra Götalandsregionen,2016,12,2016-03-27,88,available,historical,2026-08-25T00:00:00Z,14,2016W12,
SE,Sverige,2016,13,2016-04-03,375,available,historical,2026-08-25T00:00:00Z,00,2016W13,
SE-M,Region Skåne,2016,13,2016-04-03,39,available,historical,2026-08-25T00:00:00Z,12,2016W13,
SE-O,Västra Götalandsregionen,2016,13,2016-04-03,66,available,historical,2026-08-25T00:00:00Z,14,2016W13,
SE,Sverige,2016,14,2016-04-10,257,available,historical,2026-08-25T00:00:00Z,00,2016W14,
SE-M,Region Skåne,2016,14,2016-04-10,24,available,historical,2026-08-25T00:00:00Z,12,2016W14,
SE-O,Västra Götalandsregionen,2016,14,2016-04-10,57,available,historical,2026-08-25T00:00:00Z,14,2016W14,
SE,Sverige,2016,15,2016-04-17,156,available,historical,2026-08-25T00:00:00Z,00,2016W15,
SE-M,Region Skåne,2016,15,2016-04-17,10,available,historical,2026-08-25T00:00:00Z,12,2016W15,
SE-O,Västra Götalandsregionen,2016,15,2016-04-17,26,available,historical,2026-08-25T00:00:00Z,14,2016W15,
SE,Sverige,2016,16,2016-04-24,105,available,historical,2026-08-25T00:00:00Z,00,2016W16,
SE-M,Region Skåne,2016,16,2016-04-24,5,available,historical,2026-08-25T00:00:00Z,12,2016W16,
SE-O,Västra Götalandsregionen,2016,16,2016-04-24,14,available,historical,2026-08-25T00:00:00Z,14,2016W16,
SE,Sverige,2016,17,2016-05-01,60,available,historical,2026-08-25T00:00:00Z,00,2016W17,
SE-M,Region Skåne,2016,17,2016-05-01,8,available,historical,2026-08-25T00:00:00Z,12,2016W17,
SE-O,Västra Götalandsregionen,2016,17,2016-05-01,16,available,historical,2026-08-25T00:00:00Z,14,2016W17,
SE,Sverige,2016,18,2016-05-08,60,available,historical,2026-08-25T00:00:00Z,00,2016W18,
SE-M,Region Skåne,2016,18,2016-05-08,6,available,historical,2026-08-25T00:00:00Z,12,2016W18,
SE-O,Västra Götalandsregionen,2016,18,2016-05-08,13,available,historical,2026-08-25T00:00:00Z,14,2016W18,
SE,Sverige,2016,19,2016-05-15,50,available,historical,2026-08-25T00:00:00Z,00,2016W19,
SE-M,Region Skåne,2016,19,2016-05-15,7,available,historical,2026-08-25T00:00:00Z,12,2016W19,
SE-O,Västra Götalandsregionen,2016,19,2016-05-15,15,available,historical,2026-08-25T00:00:00Z,14,2016W19,
SE,Sverige,2016,20,2016-05-22,33,available,historical,2026-08-25T00:00:00Z,00,2016W20,
SE-M,Region Skåne,2016,20,2016-05-22,1,available,historical,2026-08-25T00:00:00Z,12,2016W20,
SE-O,Västra Götalandsregionen,2016,20,2016-05-22,18,available,historical,2026-08-25T00:00:00Z,14,2016W20,
SE,Sverige,2016,21,2016-05-29,23,available,historical,2026-08-25T00:00:00Z,00,2016W21,
SE-M,Region Skåne,2016,21,2016-05-29,2,available,historical,2026-08-25T00:00:00Z,12,2016W21,
SE-O,Västra Götalandsregionen,2016,21,2016-05-29,8,available,historical,2026-08-25T00:00:00Z,14,2016W21,
SE,Sverige,2016,22,2016-06-05,9,available,historical,2026-08-25T00:00:00Z,00,2016W22,
SE-M,Region Skåne,2016,22,2016-06-05,0,available,historical,2026-08-25T00:00:00Z,12,2016W22,
SE-O,Västra Götalandsregionen,2016,22,2016-06-05,3,available,historical,2026-08-25T00:00:00Z,14,2016W22,
SE,Sverige,2016,23,2016-06-12,8,available,historical,2026-08-25T00:00:00Z,00,2016W23,
SE-M,Region Skåne,2016,23,2016-06-12,1,available,historical,2026-08-25T00:00:00Z,12,2016W23,
SE-O,Västra Götalandsregionen,2016,23,2016-06-12,1,available,historical,2026-08-25T00:00:00Z,14,2016W23,
SE,Sverige,2016,24,2016-06-19,2,available,historical,2026-08-25T00:00:00Z,00,2016W24,
SE-M,Region Skåne,2016,24,2016-06-19,0,available,historical,2026-08-25T00:00:00Z,12,2016W24,
SE-O,Västra Götalandsregionen,2016,24,2016-06-19,1,available,historical,2026-08-25T00:00:00Z,14,2016W24,
SE,Sverige,2016,25,2016-06-26,3,available,historical,2026-08-25T00:00:00Z,00,2016W25,
SE-M,Region Skåne,2016,25,2016-06-26,0,available,historical,2026-08-25T00:00:00Z,12,2016W25,
SE-O,Västra Götalandsregionen,2016,25,2016-06-26,3,available,historical,2026-08-25T00:00:00Z,14,2016W25,
SE,Sverige,2016,26,2016-07-03,2,available,historical,2026-08-25T00:00:00Z,00,2016W26,
SE-M,Region Skåne,2016,26,2016-07-03,0,available,historical,2026-08-25T00:00:00Z,12,2016W26,
SE-O,Västra Götalandsregionen,2016,26,2016-07-03,1,available,historical,2026-08-25T00:00:00Z,14,2016W26,
SE,Sverige,2016,27,2016-07-10,1,available,historical,2026-08-25T00:00:00Z,00,2016W27,
SE-M,Region Skåne,2016,27,2016-07-10,0,available,historical,2026-08-25T00:00:00Z,12,2016W27,
SE-O,Västra Götalandsregionen,2016,27,2016-07-10,0,available,historical,2026-08-25T00:00:00Z,14,2016W27,
SE,Sverige,2016,28,2016-07-17,1,available,historical,2026-08-25T00:00:00Z,00,2016W28,
SE-M,Region Skåne,2016,28,2016-07-17,0,available,historical,2026-08-25T00:00:00Z,12,2016W28,
SE-O,Västra Götalandsregionen,2016,28,2016-07-17,1,available,historical,2026-08-25T00:00:00Z,14,2016W28,
SE,Sverige,2016,29,2016-07-24,3,available,historical,2026-08-25T00:00:00Z,00,2016W29,
SE-M,Region Skåne,2016,29,2016-07-24,0,available,historical,2026-08-25T00:00:00Z,12,2016W29,
SE-O,Västra Götalandsregionen,2016,29,2016-07-24,0,available,historical,2026-08-25T00:00:00Z,14,2016W29,
SE,Sverige,2016,30,2016-07-31,1,available,historical,2026-08-25T00:00:00Z,00,2016W30,
SE-M,Region Skåne,2016,30,2016-07-31,0,available,historical,2026-08-25T00:00:00Z,12,2016W30,
SE-O,Västra Götalandsregionen,2016,30,2016-07-31,0,available,historical,2026-08-25T00:00:00Z,14,2016W30,
SE,Sverige,2016,31,2016-08-07,4,available,historical,2026-08-25T00:00:00Z,00,2016W31,
SE-M,Region Skåne,2016,31,2016-08-07,0,available,historical,2026-08-25T00:00:00Z,12,2016W31,
SE-O,Västra Götalandsregionen,2016,31,2016-08-07,0,available,historical,2026-08-25T00:00:00Z,14,2016W31,
SE,Sverige,2016,32,2016-08-14,0,available,historical,2026-08-25T00:00:00Z,00,2016W32,
SE-M,Region Skåne,2016,32,2016-08-14,0,available,historical,2026-08-25T00:00:00Z,12,2016W32,
SE-O,Västra Götalandsregionen,2016,32,2016-08-14,0,available,historical,2026-08-25T00:00:00Z,14,2016W32,
SE,Sverige,2016,33,2016-08-21,4,available,historical,2026-08-25T00:00:00Z,00,2016W33,
SE-M,Region Skåne,2016,33,2016-08-21,1,available,historical,2026-08-25T00:00:00Z,12,2016W33,
SE-O,Västra Götalandsregionen,2016,33,2016-08-21,0,available,historical,2026-08-25T00:00:00Z,14,2016W33,
SE,Sverige,2016,34,2016-08-28,3,available,historical,2026-08-25T00:00:00Z,00,2016W34,
SE-M,Region Skåne,2016,34,2016-08-28,1,available,historical,2026-08-25T00:00:00Z,12,2016W34,
SE-O,Västra Götalandsregionen,2016,34,2016-08-28,1,available,historical,2026-08-25T00:00:00Z,14,2016W34,
SE,Sverige,2016,35,2016-09-04,3,available,historical,2026-08-25T00:00:00Z,00,2016W35,
SE-M,Region Skåne,2016,35,2016-09-04,0,available,historical,2026-08-25T00:00:00Z,12,2016W35,
SE-O,Västra Götalandsregionen,2016,35,2016-09-04,0,available,historical,2026-08-25T00:00:00Z,14,2016W35,
SE,Sverige,2016,36,2016-09-11,7,available,historical,2026-08-25T00:00:00Z,00,2016W36,
SE-M,Region Skåne,2016,36,2016-09-11,1,available,historical,2026-08-25T00:00:00Z,12,2016W36,
SE-O,Västra Götalandsregionen,2016,36,2016-09-11,1,available,historical,2026-08-25T00:00:00Z,14,2016W36,
SE,Sverige,2016,37,2016-09-18,7,available,historical,2026-08-25T00:00:00Z,00,2016W37,
SE-M,Region Skåne,2016,37,2016-09-18,0,available,historical,2026-08-25T00:00:00Z,12,2016W37,
SE-O,Västra Götalandsregionen,2016,37,2016-09-18,1,available,historical,2026-08-25T00:00:00Z,14,2016W37,
SE,Sverige,2016,38,2016-09-25,2,available,historical,2026-08-25T00:00:00Z,00,2016W38,
SE-M,Region Skåne,2016,38,2016-09-25,0,available,historical,2026-08-25T00:00:00Z,12,2016W38,
SE-O,Västra Götalandsregionen,2016,38,2016-09-25,1,available,historical,2026-08-25T00:00:00Z,14,2016W38,
SE,Sverige,2016,39,2016-10-02,9,available,historical,2026-08-25T00:00:00Z,00,2016W39,
SE-M,Region Skåne,2016,39,2016-10-02,3,available,historical,2026-08-25T00:00:00Z,12,2016W39,
SE-O,Västra Götalandsregionen,2016,39,2016-10-02,1,available,historical,2026-08-25T00:00:00Z,14,2016W39,
SE,Sverige,2016,40,2016-10-09,15,available,historical,2026-08-25T00:00:00Z,00,2016W40,
SE-M,Region Skåne,2016,40,2016-10-09,3,available,historical,2026-08-25T00:00:00Z,12,2016W40,
SE-O,Västra Götalandsregionen,2016,40,2016-10-09,1,available,historical,2026-08-25T00:00:00Z,14,2016W40,
SE,Sverige,2016,41,2016-10-16,12,available,historical,2026-08-25T00:00:00Z,00,2016W41,
SE-M,Region Skåne,2016,41,2016-10-16,0,available,historical,2026-08-25T00:00:00Z,12,2016W41,
SE-O,Västra Götalandsregionen,2016,41,2016-10-16,0,available,historical,2026-08-25T00:00:00Z,14,2016W41,
SE,Sverige,2016,42,2016-10-23,3,available,historical,2026-08-25T00:00:00Z,00,2016W42,
SE-M,Region Skåne,2016,42,2016-10-23,0,available,historical,2026-08-25T00:00:00Z,12,2016W42,
SE-O,Västra Götalandsregionen,2016,42,2016-10-23,0,available,historical,2026-08-25T00:00:00Z,14,2016W42,
SE,Sverige,2016,43,2016-10-30,5,available,historical,2026-08-25T00:00:00Z,00,2016W43,
SE-M,Region Skåne,2016,43,2016-10-30,1,available,historical,2026-08-25T00:00:00Z,12,2016W43,
SE-O,Västra Götalandsregionen,2016,43,2016-10-30,1,available,historical,2026-08-25T00:00:00Z,14,2016W43,
SE,Sverige,2016,44,2016-11-06,6,available,historical,2026-08-25T00:00:00Z,00,2016W44,
SE-M,Region Skåne,2016,44,2016-11-06,1,available,historical,2026-08-25T00:00:00Z,12,2016W44,
SE-O,Västra Götalandsregionen,2016,44,2016-11-06,1,available,historical,2026-08-25T00:00:00Z,14,2016W44,
SE,Sverige,2016,45,2016-11-13,36,available,historical,2026-08-25T00:00:00Z,00,2016W45,
SE-M,Region Skåne,2016,45,2016-11-13,0,available,historical,2026-08-25T00:00:00Z,12,2016W45,
SE-O,Västra Götalandsregionen,2016,45,2016-11-13,6,available,historical,2026-08-25T00:00:00Z,14,2016W45,
SE,Sverige,2016,46,2016-11-20,46,available,historical,2026-08-25T00:00:00Z,00,2016W46,
SE-M,Region Skåne,2016,46,2016-11-20,3,available,historical,2026-08-25T00:00:00Z,12,2016W46,
SE-O,Västra Götalandsregionen,2016,46,2016-11-20,1,available,historical,2026-08-25T00:00:00Z,14,2016W46,
SE,Sverige,2016,47,2016-11-27,102,available,historical,2026-08-25T00:00:00Z,00,2016W47,
SE-M,Region Skåne,2016,47,2016-11-27,9,available,historical,2026-08-25T00:00:00Z,12,2016W47,
SE-O,Västra Götalandsregionen,2016,47,2016-11-27,7,available,historical,2026-08-25T00:00:00Z,14,2016W47,
SE,Sverige,2016,48,2016-12-04,152,available,historical,2026-08-25T00:00:00Z,00,2016W48,
SE-M,Region Skåne,2016,48,2016-12-04,7,available,historical,2026-08-25T00:00:00Z,12,2016W48,
SE-O,Västra Götalandsregionen,2016,48,2016-12-04,11,available,historical,2026-08-25T00:00:00Z,14,2016W48,
SE,Sverige,2016,49,2016-12-11,316,available,historical,2026-08-25T00:00:00Z,00,2016W49,
SE-M,Region Skåne,2016,49,2016-12-11,15,available,historical,2026-08-25T00:00:00Z,12,2016W49,
SE-O,Västra Götalandsregionen,2016,49,2016-12-11,39,available,historical,2026-08-25T00:00:00Z,14,2016W49,
SE,Sverige,2016,50,2016-12-18,475,available,historical,2026-08-25T00:00:00Z,00,2016W50,
SE-M,Region Skåne,2016,50,2016-12-18,23,available,historical,2026-08-25T00:00:00Z,12,2016W50,
SE-O,Västra Götalandsregionen,2016,50,2016-12-18,51,available,historical,2026-08-25T00:00:00Z,14,2016W50,
SE,Sverige,2016,51,2016-12-25,1003,available,historical,2026-08-25T00:00:00Z,00,2016W51,
SE-M,Region Skåne,2016,51,2016-12-25,82,available,historical,2026-08-25T00:00:00Z,12,2016W51,
SE-O,Västra Götalandsregionen,2016,51,2016-12-25,107,available,historical,2026-08-25T00:00:00Z,14,2016W51,
SE,Sverige,2016,52,2017-01-01,1302,available,historical,2026-08-25T00:00:00Z,00,2016W52,
SE-M,Region Skåne,2016,52,2017-01-01,79,available,historical,2026-08-25T00:00:00Z,12,2016W52,
SE-O,Västra Götalandsregionen,2016,52,2017-01-01,133,available,historical,2026-08-25T00:00:00Z,14,2016W52,
SE,Sverige,2017,1,2017-01-08,988,available,historical,2026-08-25T00:00:00Z,00,2017W01,
SE-M,Region Skåne,2017,1,2017-01-08,64,available,historical,2026-08-25T00:00:00Z,12,2017W01,
SE-O,Västra Götalandsregionen,2017,1,2017-01-08,140,available,historical,2026-08-25T00:00:00Z,14,2017W01,
SE,Sverige,2017,2,2017-01-15,905,available,historical,2026-08-25T00:00:00Z,00,2017W02,
SE-M,Region Skåne,2017,2,2017-01-15,95,available,historical,2026-08-25T00:00:00Z,12,2017W02,
SE-O,Västra Götalandsregionen,2017,2,2017-01-15,131,available,historical,2026-08-25T00:00:00Z,14,2017W02,
SE,Sverige,2017,3,2017-01-22,631,available,historical,2026-08-25T00:00:00Z,00,2017W03,
SE-M,Region Skåne,2017,3,2017-01-22,77,available,historical,2026-08-25T00:00:00Z,12,2017W03,
SE-O,Västra Götalandsregionen,2017,3,2017-01-22,96,available,historical,2026-08-25T00:00:00Z,14,2017W03,
SE,Sverige,2017,4,2017-01-29,684,available,historical,2026-08-25T00:00:00Z,00,2017W04,
SE-M,Region Skåne,2017,4,2017-01-29,95,available,historical,2026-08-25T00:00:00Z,12,2017W04,
SE-O,Västra Götalandsregionen,2017,4,2017-01-29,100,available,historical,2026-08-25T00:00:00Z,14,2017W04,
SE,Sverige,2017,5,2017-02-05,699,available,historical,2026-08-25T00:00:00Z,00,2017W05,
SE-M,Region Skåne,2017,5,2017-02-05,88,available,historical,2026-08-25T00:00:00Z,12,2017W05,
SE-O,Västra Götalandsregionen,2017,5,2017-02-05,122,available,historical,2026-08-25T00:00:00Z,14,2017W05,
SE,Sverige,2017,6,2017-02-12,853,available,historical,2026-08-25T00:00:00Z,00,2017W06,
SE-M,Region Skåne,2017,6,2017-02-12,132,available,historical,2026-08-25T00:00:00Z,12,2017W06,
SE-O,Västra Götalandsregionen,2017,6,2017-02-12,153,available,historical,2026-08-25T00:00:00Z,14,2017W06,
SE,Sverige,2017,7,2017-02-19,905,available,historical,2026-08-25T00:00:00Z,00,2017W07,
SE-M,Region Skåne,2017,7,2017-02-19,151,available,historical,2026-08-25T00:00:00Z,12,2017W07,
SE-O,Västra Götalandsregionen,2017,7,2017-02-19,207,available,historical,2026-08-25T00:00:00Z,14,2017W07,
SE,Sverige,2017,8,2017-02-26,1020,available,historical,2026-08-25T00:00:00Z,00,2017W08,
SE-M,Region Skåne,2017,8,2017-02-26,176,available,historical,2026-08-25T00:00:00Z,12,2017W08,
SE-O,Västra Götalandsregionen,2017,8,2017-02-26,228,available,historical,2026-08-25T00:00:00Z,14,2017W08,
SE,Sverige,2017,9,2017-03-05,753,available,historical,2026-08-25T00:00:00Z,00,2017W09,
SE-M,Region Skåne,2017,9,2017-03-05,118,available,historical,2026-08-25T00:00:00Z,12,2017W09,
SE-O,Västra Götalandsregionen,2017,9,2017-03-05,186,available,historical,2026-08-25T00:00:00Z,14,2017W09,
SE,Sverige,2017,10,2017-03-12,541,available,historical,2026-08-25T00:00:00Z,00,2017W10,
SE-M,Region Skåne,2017,10,2017-03-12,72,available,historical,2026-08-25T00:00:00Z,12,2017W10,
SE-O,Västra Götalandsregionen,2017,10,2017-03-12,156,available,historical,2026-08-25T00:00:00Z,14,2017W10,
SE,Sverige,2017,11,2017-03-19,413,available,historical,2026-08-25T00:00:00Z,00,2017W11,
SE-M,Region Skåne,2017,11,2017-03-19,46,available,historical,2026-08-25T00:00:00Z,12,2017W11,
SE-O,Västra Götalandsregionen,2017,11,2017-03-19,99,available,historical,2026-08-25T00:00:00Z,14,2017W11,
SE,Sverige,2017,12,2017-03-26,305,available,historical,2026-08-25T00:00:00Z,00,2017W12,
SE-M,Region Skåne,2017,12,2017-03-26,36,available,historical,2026-08-25T00:00:00Z,12,2017W12,
SE-O,Västra Götalandsregionen,2017,12,2017-03-26,78,available,historical,2026-08-25T00:00:00Z,14,2017W12,
SE,Sverige,2017,13,2017-04-02,270,available,historical,2026-08-25T00:00:00Z,00,2017W13,
SE-M,Region Skåne,2017,13,2017-04-02,29,available,historical,2026-08-25T00:00:00Z,12,2017W13,
SE-O,Västra Götalandsregionen,2017,13,2017-04-02,58,available,historical,2026-08-25T00:00:00Z,14,2017W13,
SE,Sverige,2017,14,2017-04-09,229,available,historical,2026-08-25T00:00:00Z,00,2017W14,
SE-M,Region Skåne,2017,14,2017-04-09,27,available,historical,2026-08-25T00:00:00Z,12,2017W14,
SE-O,Västra Götalandsregionen,2017,14,2017-04-09,47,available,historical,2026-08-25T00:00:00Z,14,2017W14,
SE,Sverige,2017,15,2017-04-16,148,available,historical,2026-08-25T00:00:00Z,00,2017W15,
SE-M,Region Skåne,2017,15,2017-04-16,10,available,historical,2026-08-25T00:00:00Z,12,2017W15,
SE-O,Västra Götalandsregionen,2017,15,2017-04-16,33,available,historical,2026-08-25T00:00:00Z,14,2017W15,
SE,Sverige,2017,16,2017-04-23,121,available,historical,2026-08-25T00:00:00Z,00,2017W16,
SE-M,Region Skåne,2017,16,2017-04-23,8,available,historical,2026-08-25T00:00:00Z,12,2017W16,
SE-O,Västra Götalandsregionen,2017,16,2017-04-23,27,available,historical,2026-08-25T00:00:00Z,14,2017W16,
SE,Sverige,2017,17,2017-04-30,96,available,historical,2026-08-25T00:00:00Z,00,2017W17,
SE-M,Region Skåne,2017,17,2017-04-30,5,available,historical,2026-08-25T00:00:00Z,12,2017W17,
SE-O,Västra Götalandsregionen,2017,17,2017-04-30,19,available,historical,2026-08-25T00:00:00Z,14,2017W17,
SE,Sverige,2017,18,2017-05-07,105,available,historical,2026-08-25T00:00:00Z,00,2017W18,
SE-M,Region Skåne,2017,18,2017-05-07,8,available,historical,2026-08-25T00:00:00Z,12,2017W18,
SE-O,Västra Götalandsregionen,2017,18,2017-05-07,18,available,historical,2026-08-25T00:00:00Z,14,2017W18,
SE,Sverige,2017,19,2017-05-14,85,available,historical,2026-08-25T00:00:00Z,00,2017W19,
SE-M,Region Skåne,2017,19,2017-05-14,6,available,historical,2026-08-25T00:00:00Z,12,2017W19,
SE-O,Västra Götalandsregionen,2017,19,2017-05-14,20,available,historical,2026-08-25T00:00:00Z,14,2017W19,
SE,Sverige,2017,20,2017-05-21,100,available,historical,2026-08-25T00:00:00Z,00,2017W20,
SE-M,Region Skåne,2017,20,2017-05-21,4,available,historical,2026-08-25T00:00:00Z,12,2017W20,
SE-O,Västra Götalandsregionen,2017,20,2017-05-21,23,available,historical,2026-08-25T00:00:00Z,14,2017W20,
SE,Sverige,2017,21,2017-05-28,63,available,historical,2026-08-25T00:00:00Z,00,2017W21,
SE-M,Region Skåne,2017,21,2017-05-28,4,available,historical,2026-08-25T00:00:00Z,12,2017W21,
SE-O,Västra Götalandsregionen,2017,21,2017-05-28,17,available,historical,2026-08-25T00:00:00Z,14,2017W21,
SE,Sverige,2017,22,2017-06-04,46,available,historical,2026-08-25T00:00:00Z,00,2017W22,
SE-M,Region Skåne,2017,22,2017-06-04,0,available,historical,2026-08-25T00:00:00Z,12,2017W22,
SE-O,Västra Götalandsregionen,2017,22,2017-06-04,7,available,historical,2026-08-25T00:00:00Z,14,2017W22,
SE,Sverige,2017,23,2017-06-11,24,available,historical,2026-08-25T00:00:00Z,00,2017W23,
SE-M,Region Skåne,2017,23,2017-06-11,1,available,historical,2026-08-25T00:00:00Z,12,2017W23,
SE-O,Västra Götalandsregionen,2017,23,2017-06-11,4,available,historical,2026-08-25T00:00:00Z,14,2017W23,
SE,Sverige,2017,24,2017-06-18,23,available,historical,2026-08-25T00:00:00Z,00,2017W24,
SE-M,Region Skåne,2017,24,2017-06-18,0,available,historical,2026-08-25T00:00:00Z,12,2017W24,
SE-O,Västra Götalandsregionen,2017,24,2017-06-18,2,available,historical,2026-08-25T00:00:00Z,14,2017W24,
SE,Sverige,2017,25,2017-06-25,20,available,historical,2026-08-25T00:00:00Z,00,2017W25,
SE-M,Region Skåne,2017,25,2017-06-25,0,available,historical,2026-08-25T00:00:00Z,12,2017W25,
SE-O,Västra Götalandsregionen,2017,25,2017-06-25,4,available,historical,2026-08-25T00:00:00Z,14,2017W25,
SE,Sverige,2017,26,2017-07-02,6,available,historical,2026-08-25T00:00:00Z,00,2017W26,
SE-M,Region Skåne,2017,26,2017-07-02,0,available,historical,2026-08-25T00:00:00Z,12,2017W26,
SE-O,Västra Götalandsregionen,2017,26,2017-07-02,1,available,historical,2026-08-25T00:00:00Z,14,2017W26,
SE,Sverige,2017,27,2017-07-09,5,available,historical,2026-08-25T00:00:00Z,00,2017W27,
SE-M,Region Skåne,2017,27,2017-07-09,0,available,historical,2026-08-25T00:00:00Z,12,2017W27,
SE-O,Västra Götalandsregionen,2017,27,2017-07-09,2,available,historical,2026-08-25T00:00:00Z,14,2017W27,
SE,Sverige,2017,28,2017-07-16,5,available,historical,2026-08-25T00:00:00Z,00,2017W28,
SE-M,Region Skåne,2017,28,2017-07-16,0,available,historical,2026-08-25T00:00:00Z,12,2017W28,
SE-O,Västra Götalandsregionen,2017,28,2017-07-16,1,available,historical,2026-08-25T00:00:00Z,14,2017W28,
SE,Sverige,2017,29,2017-07-23,5,available,historical,2026-08-25T00:00:00Z,00,2017W29,
SE-M,Region Skåne,2017,29,2017-07-23,0,available,historical,2026-08-25T00:00:00Z,12,2017W29,
SE-O,Västra Götalandsregionen,2017,29,2017-07-23,1,available,historical,2026-08-25T00:00:00Z,14,2017W29,
SE,Sverige,2017,30,2017-07-30,4,available,historical,2026-08-25T00:00:00Z,00,2017W30,
SE-M,Region Skåne,2017,30,2017-07-30,0,available,historical,2026-08-25T00:00:00Z,12,2017W30,
SE-O,Västra Götalandsregionen,2017,30,2017-07-30,2,available,historical,2026-08-25T00:00:00Z,14,2017W30,
SE,Sverige,2017,31,2017-08-06,6,available,historical,2026-08-25T00:00:00Z,00,2017W31,
SE-M,Region Skåne,2017,31,2017-08-06,0,available,historical,2026-08-25T00:00:00Z,12,2017W31,
SE-O,Västra Götalandsregionen,2017,31,2017-08-06,0,available,historical,2026-08-25T00:00:00Z,14,2017W31,
SE,Sverige,2017,32,2017-08-13,3,available,historical,2026-08-25T00:00:00Z,00,2017W32,
SE-M,Region Skåne,2017,32,2017-08-13,0,available,historical,2026-08-25T00:00:00Z,12,2017W32,
SE-O,Västra Götalandsregionen,2017,32,2017-08-13,1,available,historical,2026-08-25T00:00:00Z,14,2017W32,
SE,Sverige,2017,33,2017-08-20,2,available,historical,2026-08-25T00:00:00Z,00,2017W33,
SE-M,Region Skåne,2017,33,2017-08-20,1,available,historical,2026-08-25T00:00:00Z,12,2017W33,
SE-O,Västra Götalandsregionen,2017,33,2017-08-20,1,available,historical,2026-08-25T00:00:00Z,14,2017W33,
SE,Sverige,2017,34,2017-08-27,2,available,historical,2026-08-25T00:00:00Z,00,2017W34,
SE-M,Region Skåne,2017,34,2017-08-27,1,available,historical,2026-08-25T00:00:00Z,12,2017W34,
SE-O,Västra Götalandsregionen,2017,34,2017-08-27,0,available,historical,2026-08-25T00:00:00Z,14,2017W34,
SE,Sverige,2017,35,2017-09-03,7,available,historical,2026-08-25T00:00:00Z,00,2017W35,
SE-M,Region Skåne,2017,35,2017-09-03,0,available,historical,2026-08-25T00:00:00Z,12,2017W35,
SE-O,Västra Götalandsregionen,2017,35,2017-09-03,2,available,historical,2026-08-25T00:00:00Z,14,2017W35,
SE,Sverige,2017,36,2017-09-10,4,available,historical,2026-08-25T00:00:00Z,00,2017W36,
SE-M,Region Skåne,2017,36,2017-09-10,0,available,historical,2026-08-25T00:00:00Z,12,2017W36,
SE-O,Västra Götalandsregionen,2017,36,2017-09-10,1,available,historical,2026-08-25T00:00:00Z,14,2017W36,
SE,Sverige,2017,37,2017-09-17,1,available,historical,2026-08-25T00:00:00Z,00,2017W37,
SE-M,Region Skåne,2017,37,2017-09-17,0,available,historical,2026-08-25T00:00:00Z,12,2017W37,
SE-O,Västra Götalandsregionen,2017,37,2017-09-17,0,available,historical,2026-08-25T00:00:00Z,14,2017W37,
SE,Sverige,2017,38,2017-09-24,8,available,historical,2026-08-25T00:00:00Z,00,2017W38,
SE-M,Region Skåne,2017,38,2017-09-24,0,available,historical,2026-08-25T00:00:00Z,12,2017W38,
SE-O,Västra Götalandsregionen,2017,38,2017-09-24,3,available,historical,2026-08-25T00:00:00Z,14,2017W38,
SE,Sverige,2017,39,2017-10-01,6,available,historical,2026-08-25T00:00:00Z,00,2017W39,
SE-M,Region Skåne,2017,39,2017-10-01,0,available,historical,2026-08-25T00:00:00Z,12,2017W39,
SE-O,Västra Götalandsregionen,2017,39,2017-10-01,1,available,historical,2026-08-25T00:00:00Z,14,2017W39,
SE,Sverige,2017,40,2017-10-08,13,available,historical,2026-08-25T00:00:00Z,00,2017W40,
SE-M,Region Skåne,2017,40,2017-10-08,0,available,historical,2026-08-25T00:00:00Z,12,2017W40,
SE-O,Västra Götalandsregionen,2017,40,2017-10-08,9,available,historical,2026-08-25T00:00:00Z,14,2017W40,
SE,Sverige,2017,41,2017-10-15,7,available,historical,2026-08-25T00:00:00Z,00,2017W41,
SE-M,Region Skåne,2017,41,2017-10-15,0,available,historical,2026-08-25T00:00:00Z,12,2017W41,
SE-O,Västra Götalandsregionen,2017,41,2017-10-15,1,available,historical,2026-08-25T00:00:00Z,14,2017W41,
SE,Sverige,2017,42,2017-10-22,9,available,historical,2026-08-25T00:00:00Z,00,2017W42,
SE-M,Region Skåne,2017,42,2017-10-22,0,available,historical,2026-08-25T00:00:00Z,12,2017W42,
SE-O,Västra Götalandsregionen,2017,42,2017-10-22,2,available,historical,2026-08-25T00:00:00Z,14,2017W42,
SE,Sverige,2017,43,2017-10-29,7,available,historical,2026-08-25T00:00:00Z,00,2017W43,
SE-M,Region Skåne,2017,43,2017-10-29,1,available,historical,2026-08-25T00:00:00Z,12,2017W43,
SE-O,Västra Götalandsregionen,2017,43,2017-10-29,1,available,historical,2026-08-25T00:00:00Z,14,2017W43,
SE,Sverige,2017,44,2017-11-05,10,available,historical,2026-08-25T00:00:00Z,00,2017W44,
SE-M,Region Skåne,2017,44,2017-11-05,2,available,historical,2026-08-25T00:00:00Z,12,2017W44,
SE-O,Västra Götalandsregionen,2017,44,2017-11-05,1,available,historical,2026-08-25T00:00:00Z,14,2017W44,
SE,Sverige,2017,45,2017-11-12,27,available,historical,2026-08-25T00:00:00Z,00,2017W45,
SE-M,Region Skåne,2017,45,2017-11-12,3,available,historical,2026-08-25T00:00:00Z,12,2017W45,
SE-O,Västra Götalandsregionen,2017,45,2017-11-12,1,available,historical,2026-08-25T00:00:00Z,14,2017W45,
SE,Sverige,2017,46,2017-11-19,32,available,historical,2026-08-25T00:00:00Z,00,2017W46,
SE-M,Region Skåne,2017,46,2017-11-19,2,available,historical,2026-08-25T00:00:00Z,12,2017W46,
SE-O,Västra Götalandsregionen,2017,46,2017-11-19,6,available,historical,2026-08-25T00:00:00Z,14,2017W46,
SE,Sverige,2017,47,2017-11-26,65,available,historical,2026-08-25T00:00:00Z,00,2017W47,
SE-M,Region Skåne,2017,47,2017-11-26,2,available,historical,2026-08-25T00:00:00Z,12,2017W47,
SE-O,Västra Götalandsregionen,2017,47,2017-11-26,12,available,historical,2026-08-25T00:00:00Z,14,2017W47,
SE,Sverige,2017,48,2017-12-03,72,available,historical,2026-08-25T00:00:00Z,00,2017W48,
SE-M,Region Skåne,2017,48,2017-12-03,2,available,historical,2026-08-25T00:00:00Z,12,2017W48,
SE-O,Västra Götalandsregionen,2017,48,2017-12-03,21,available,historical,2026-08-25T00:00:00Z,14,2017W48,
SE,Sverige,2017,49,2017-12-10,109,available,historical,2026-08-25T00:00:00Z,00,2017W49,
SE-M,Region Skåne,2017,49,2017-12-10,4,available,historical,2026-08-25T00:00:00Z,12,2017W49,
SE-O,Västra Götalandsregionen,2017,49,2017-12-10,28,available,historical,2026-08-25T00:00:00Z,14,2017W49,
SE,Sverige,2017,50,2017-12-17,159,available,historical,2026-08-25T00:00:00Z,00,2017W50,
SE-M,Region Skåne,2017,50,2017-12-17,7,available,historical,2026-08-25T00:00:00Z,12,2017W50,
SE-O,Västra Götalandsregionen,2017,50,2017-12-17,32,available,historical,2026-08-25T00:00:00Z,14,2017W50,
SE,Sverige,2017,51,2017-12-24,318,available,historical,2026-08-25T00:00:00Z,00,2017W51,
SE-M,Region Skåne,2017,51,2017-12-24,11,available,historical,2026-08-25T00:00:00Z,12,2017W51,
SE-O,Västra Götalandsregionen,2017,51,2017-12-24,55,available,historical,2026-08-25T00:00:00Z,14,2017W51,
SE,Sverige,2017,52,2017-12-31,532,available,historical,2026-08-25T00:00:00Z,00,2017W52,
SE-M,Region Skåne,2017,52,2017-12-31,37,available,historical,2026-08-25T00:00:00Z,12,2017W52,
SE-O,Västra Götalandsregionen,2017,52,2017-12-31,73,available,historical,2026-08-25T00:00:00Z,14,2017W52,
SE,Sverige,2018,1,2018-01-07,676,available,historical,2026-08-25T00:00:00Z,00,2018W01,
SE-M,Region Skåne,2018,1,2018-01-07,38,available,historical,2026-08-25T00:00:00Z,12,2018W01,
SE-O,Västra Götalandsregionen,2018,1,2018-01-07,100,available,historical,2026-08-25T00:00:00Z,14,2018W01,
SE,Sverige,2018,2,2018-01-14,632,available,historical,2026-08-25T00:00:00Z,00,2018W02,
SE-M,Region Skåne,2018,2,2018-01-14,45,available,historical,2026-08-25T00:00:00Z,12,2018W02,
SE-O,Västra Götalandsregionen,2018,2,2018-01-14,88,available,historical,2026-08-25T00:00:00Z,14,2018W02,
SE,Sverige,2018,3,2018-01-21,736,available,historical,2026-08-25T00:00:00Z,00,2018W03,
SE-M,Region Skåne,2018,3,2018-01-21,50,available,historical,2026-08-25T00:00:00Z,12,2018W03,
SE-O,Västra Götalandsregionen,2018,3,2018-01-21,116,available,historical,2026-08-25T00:00:00Z,14,2018W03,
SE,Sverige,2018,4,2018-01-28,993,available,historical,2026-08-25T00:00:00Z,00,2018W04,
SE-M,Region Skåne,2018,4,2018-01-28,79,available,historical,2026-08-25T00:00:00Z,12,2018W04,
SE-O,Västra Götalandsregionen,2018,4,2018-01-28,153,available,historical,2026-08-25T00:00:00Z,14,2018W04,
SE,Sverige,2018,5,2018-02-04,1441,available,historical,2026-08-25T00:00:00Z,00,2018W05,
SE-M,Region Skåne,2018,5,2018-02-04,143,available,historical,2026-08-25T00:00:00Z,12,2018W05,
SE-O,Västra Götalandsregionen,2018,5,2018-02-04,202,available,historical,2026-08-25T00:00:00Z,14,2018W05,
SE,Sverige,2018,6,2018-02-11,1797,available,historical,2026-08-25T00:00:00Z,00,2018W06,
SE-M,Region Skåne,2018,6,2018-02-11,179,available,historical,2026-08-25T00:00:00Z,12,2018W06,
SE-O,Västra Götalandsregionen,2018,6,2018-02-11,267,available,historical,2026-08-25T00:00:00Z,14,2018W06,
SE,Sverige,2018,7,2018-02-18,2066,available,historical,2026-08-25T00:00:00Z,00,2018W07,
SE-M,Region Skåne,2018,7,2018-02-18,181,available,historical,2026-08-25T00:00:00Z,12,2018W07,
SE-O,Västra Götalandsregionen,2018,7,2018-02-18,331,available,historical,2026-08-25T00:00:00Z,14,2018W07,
SE,Sverige,2018,8,2018-02-25,2196,available,historical,2026-08-25T00:00:00Z,00,2018W08,
SE-M,Region Skåne,2018,8,2018-02-25,382,available,historical,2026-08-25T00:00:00Z,12,2018W08,
SE-O,Västra Götalandsregionen,2018,8,2018-02-25,388,available,historical,2026-08-25T00:00:00Z,14,2018W08,
SE,Sverige,2018,9,2018-03-04,1811,available,historical,2026-08-25T00:00:00Z,00,2018W09,
SE-M,Region Skåne,2018,9,2018-03-04,260,available,historical,2026-08-25T00:00:00Z,12,2018W09,
SE-O,Västra Götalandsregionen,2018,9,2018-03-04,314,available,historical,2026-08-25T00:00:00Z,14,2018W09,
SE,Sverige,2018,10,2018-03-11,1661,available,historical,2026-08-25T00:00:00Z,00,2018W10,
SE-M,Region Skåne,2018,10,2018-03-11,211,available,historical,2026-08-25T00:00:00Z,12,2018W10,
SE-O,Västra Götalandsregionen,2018,10,2018-03-11,354,available,historical,2026-08-25T00:00:00Z,14,2018W10,
SE,Sverige,2018,11,2018-03-18,1386,available,historical,2026-08-25T00:00:00Z,00,2018W11,
SE-M,Region Skåne,2018,11,2018-03-18,191,available,historical,2026-08-25T00:00:00Z,12,2018W11,
SE-O,Västra Götalandsregionen,2018,11,2018-03-18,317,available,historical,2026-08-25T00:00:00Z,14,2018W11,
SE,Sverige,2018,12,2018-03-25,1248,available,historical,2026-08-25T00:00:00Z,00,2018W12,
SE-M,Region Skåne,2018,12,2018-03-25,128,available,historical,2026-08-25T00:00:00Z,12,2018W12,
SE-O,Västra Götalandsregionen,2018,12,2018-03-25,302,available,historical,2026-08-25T00:00:00Z,14,2018W12,
SE,Sverige,2018,13,2018-04-01,997,available,historical,2026-08-25T00:00:00Z,00,2018W13,
SE-M,Region Skåne,2018,13,2018-04-01,93,available,historical,2026-08-25T00:00:00Z,12,2018W13,
SE-O,Västra Götalandsregionen,2018,13,2018-04-01,207,available,historical,2026-08-25T00:00:00Z,14,2018W13,
SE,Sverige,2018,14,2018-04-08,877,available,historical,2026-08-25T00:00:00Z,00,2018W14,
SE-M,Region Skåne,2018,14,2018-04-08,87,available,historical,2026-08-25T00:00:00Z,12,2018W14,
SE-O,Västra Götalandsregionen,2018,14,2018-04-08,196,available,historical,2026-08-25T00:00:00Z,14,2018W14,
SE,Sverige,2018,15,2018-04-15,542,available,historical,2026-08-25T00:00:00Z,00,2018W15,
SE-M,Region Skåne,2018,15,2018-04-15,51,available,historical,2026-08-25T00:00:00Z,12,2018W15,
SE-O,Västra Götalandsregionen,2018,15,2018-04-15,136,available,historical,2026-08-25T00:00:00Z,14,2018W15,
SE,Sverige,2018,16,2018-04-22,390,available,historical,2026-08-25T00:00:00Z,00,2018W16,
SE-M,Region Skåne,2018,16,2018-04-22,19,available,historical,2026-08-25T00:00:00Z,12,2018W16,
SE-O,Västra Götalandsregionen,2018,16,2018-04-22,110,available,historical,2026-08-25T00:00:00Z,14,2018W16,
SE,Sverige,2018,17,2018-04-29,216,available,historical,2026-08-25T00:00:00Z,00,2018W17,
SE-M,Region Skåne,2018,17,2018-04-29,6,available,historical,2026-08-25T00:00:00Z,12,2018W17,
SE-O,Västra Götalandsregionen,2018,17,2018-04-29,43,available,historical,2026-08-25T00:00:00Z,14,2018W17,
SE,Sverige,2018,18,2018-05-06,86,available,historical,2026-08-25T00:00:00Z,00,2018W18,
SE-M,Region Skåne,2018,18,2018-05-06,2,available,historical,2026-08-25T00:00:00Z,12,2018W18,
SE-O,Västra Götalandsregionen,2018,18,2018-05-06,19,available,historical,2026-08-25T00:00:00Z,14,2018W18,
SE,Sverige,2018,19,2018-05-13,73,available,historical,2026-08-25T00:00:00Z,00,2018W19,
SE-M,Region Skåne,2018,19,2018-05-13,1,available,historical,2026-08-25T00:00:00Z,12,2018W19,
SE-O,Västra Götalandsregionen,2018,19,2018-05-13,18,available,historical,2026-08-25T00:00:00Z,14,2018W19,
SE,Sverige,2018,20,2018-05-20,25,available,historical,2026-08-25T00:00:00Z,00,2018W20,
SE-M,Region Skåne,2018,20,2018-05-20,0,available,historical,2026-08-25T00:00:00Z,12,2018W20,
SE-O,Västra Götalandsregionen,2018,20,2018-05-20,4,available,historical,2026-08-25T00:00:00Z,14,2018W20,
SE,Sverige,2018,21,2018-05-27,7,available,historical,2026-08-25T00:00:00Z,00,2018W21,
SE-M,Region Skåne,2018,21,2018-05-27,0,available,historical,2026-08-25T00:00:00Z,12,2018W21,
SE-O,Västra Götalandsregionen,2018,21,2018-05-27,2,available,historical,2026-08-25T00:00:00Z,14,2018W21,
SE,Sverige,2018,22,2018-06-03,6,available,historical,2026-08-25T00:00:00Z,00,2018W22,
SE-M,Region Skåne,2018,22,2018-06-03,0,available,historical,2026-08-25T00:00:00Z,12,2018W22,
SE-O,Västra Götalandsregionen,2018,22,2018-06-03,3,available,historical,2026-08-25T00:00:00Z,14,2018W22,
SE,Sverige,2018,23,2018-06-10,2,available,historical,2026-08-25T00:00:00Z,00,2018W23,
SE-M,Region Skåne,2018,23,2018-06-10,0,available,historical,2026-08-25T00:00:00Z,12,2018W23,
SE-O,Västra Götalandsregionen,2018,23,2018-06-10,1,available,historical,2026-08-25T00:00:00Z,14,2018W23,
SE,Sverige,2018,24,2018-06-17,4,available,historical,2026-08-25T00:00:00Z,00,2018W24,
SE-M,Region Skåne,2018,24,2018-06-17,2,available,historical,2026-08-25T00:00:00Z,12,2018W24,
SE-O,Västra Götalandsregionen,2018,24,2018-06-17,0,available,historical,2026-08-25T00:00:00Z,14,2018W24,
SE,Sverige,2018,25,2018-06-24,3,available,historical,2026-08-25T00:00:00Z,00,2018W25,
SE-M,Region Skåne,2018,25,2018-06-24,0,available,historical,2026-08-25T00:00:00Z,12,2018W25,
SE-O,Västra Götalandsregionen,2018,25,2018-06-24,1,available,historical,2026-08-25T00:00:00Z,14,2018W25,
SE,Sverige,2018,26,2018-07-01,6,available,historical,2026-08-25T00:00:00Z,00,2018W26,
SE-M,Region Skåne,2018,26,2018-07-01,0,available,historical,2026-08-25T00:00:00Z,12,2018W26,
SE-O,Västra Götalandsregionen,2018,26,2018-07-01,3,available,historical,2026-08-25T00:00:00Z,14,2018W26,
SE,Sverige,2018,27,2018-07-08,2,available,historical,2026-08-25T00:00:00Z,00,2018W27,
SE-M,Region Skåne,2018,27,2018-07-08,1,available,historical,2026-08-25T00:00:00Z,12,2018W27,
SE-O,Västra Götalandsregionen,2018,27,2018-07-08,0,available,historical,2026-08-25T00:00:00Z,14,2018W27,
SE,Sverige,2018,28,2018-07-15,4,available,historical,2026-08-25T00:00:00Z,00,2018W28,
SE-M,Region Skåne,2018,28,2018-07-15,0,available,historical,2026-08-25T00:00:00Z,12,2018W28,
SE-O,Västra Götalandsregionen,2018,28,2018-07-15,2,available,historical,2026-08-25T00:00:00Z,14,2018W28,
SE,Sverige,2018,29,2018-07-22,1,available,historical,2026-08-25T00:00:00Z,00,2018W29,
SE-M,Region Skåne,2018,29,2018-07-22,0,available,historical,2026-08-25T00:00:00Z,12,2018W29,
SE-O,Västra Götalandsregionen,2018,29,2018-07-22,0,available,historical,2026-08-25T00:00:00Z,14,2018W29,
SE,Sverige,2018,30,2018-07-29,2,available,historical,2026-08-25T00:00:00Z,00,2018W30,
SE-M,Region Skåne,2018,30,2018-07-29,0,available,historical,2026-08-25T00:00:00Z,12,2018W30,
SE-O,Västra Götalandsregionen,2018,30,2018-07-29,0,available,historical,2026-08-25T00:00:00Z,14,2018W30,
SE,Sverige,2018,31,2018-08-05,3,available,historical,2026-08-25T00:00:00Z,00,2018W31,
SE-M,Region Skåne,2018,31,2018-08-05,0,available,historical,2026-08-25T00:00:00Z,12,2018W31,
SE-O,Västra Götalandsregionen,2018,31,2018-08-05,1,available,historical,2026-08-25T00:00:00Z,14,2018W31,
SE,Sverige,2018,32,2018-08-12,1,available,historical,2026-08-25T00:00:00Z,00,2018W32,
SE-M,Region Skåne,2018,32,2018-08-12,0,available,historical,2026-08-25T00:00:00Z,12,2018W32,
SE-O,Västra Götalandsregionen,2018,32,2018-08-12,0,available,historical,2026-08-25T00:00:00Z,14,2018W32,
SE,Sverige,2018,33,2018-08-19,5,available,historical,2026-08-25T00:00:00Z,00,2018W33,
SE-M,Region Skåne,2018,33,2018-08-19,0,available,historical,2026-08-25T00:00:00Z,12,2018W33,
SE-O,Västra Götalandsregionen,2018,33,2018-08-19,1,available,historical,2026-08-25T00:00:00Z,14,2018W33,
SE,Sverige,2018,34,2018-08-26,0,available,historical,2026-08-25T00:00:00Z,00,2018W34,
SE-M,Region Skåne,2018,34,2018-08-26,0,available,historical,2026-08-25T00:00:00Z,12,2018W34,
SE-O,Västra Götalandsregionen,2018,34,2018-08-26,0,available,historical,2026-08-25T00:00:00Z,14,2018W34,
SE,Sverige,2018,35,2018-09-02,1,available,historical,2026-08-25T00:00:00Z,00,2018W35,
SE-M,Region Skåne,2018,35,2018-09-02,0,available,historical,2026-08-25T00:00:00Z,12,2018W35,
SE-O,Västra Götalandsregionen,2018,35,2018-09-02,0,available,historical,2026-08-25T00:00:00Z,14,2018W35,
SE,Sverige,2018,36,2018-09-09,5,available,historical,2026-08-25T00:00:00Z,00,2018W36,
SE-M,Region Skåne,2018,36,2018-09-09,1,available,historical,2026-08-25T00:00:00Z,12,2018W36,
SE-O,Västra Götalandsregionen,2018,36,2018-09-09,3,available,historical,2026-08-25T00:00:00Z,14,2018W36,
SE,Sverige,2018,37,2018-09-16,8,available,historical,2026-08-25T00:00:00Z,00,2018W37,
SE-M,Region Skåne,2018,37,2018-09-16,2,available,historical,2026-08-25T00:00:00Z,12,2018W37,
SE-O,Västra Götalandsregionen,2018,37,2018-09-16,3,available,historical,2026-08-25T00:00:00Z,14,2018W37,
SE,Sverige,2018,38,2018-09-23,1,available,historical,2026-08-25T00:00:00Z,00,2018W38,
SE-M,Region Skåne,2018,38,2018-09-23,0,available,historical,2026-08-25T00:00:00Z,12,2018W38,
SE-O,Västra Götalandsregionen,2018,38,2018-09-23,1,available,historical,2026-08-25T00:00:00Z,14,2018W38,
SE,Sverige,2018,39,2018-09-30,1,available,historical,2026-08-25T00:00:00Z,00,2018W39,
SE-M,Region Skåne,2018,39,2018-09-30,0,available,historical,2026-08-25T00:00:00Z,12,2018W39,
SE-O,Västra Götalandsregionen,2018,39,2018-09-30,0,available,historical,2026-08-25T00:00:00Z,14,2018W39,
SE,Sverige,2018,40,2018-10-07,6,available,historical,2026-08-25T00:00:00Z,00,2018W40,
SE-M,Region Skåne,2018,40,2018-10-07,0,available,historical,2026-08-25T00:00:00Z,12,2018W40,
SE-O,Västra Götalandsregionen,2018,40,2018-10-07,1,available,historical,2026-08-25T00:00:00Z,14,2018W40,
SE,Sverige,2018,41,2018-10-14,5,available,historical,2026-08-25T00:00:00Z,00,2018W41,
SE-M,Region Skåne,2018,41,2018-10-14,0,available,historical,2026-08-25T00:00:00Z,12,2018W41,
SE-O,Västra Götalandsregionen,2018,41,2018-10-14,1,available,historical,2026-08-25T00:00:00Z,14,2018W41,
SE,Sverige,2018,42,2018-10-21,10,available,historical,2026-08-25T00:00:00Z,00,2018W42,
SE-M,Region Skåne,2018,42,2018-10-21,1,available,historical,2026-08-25T00:00:00Z,12,2018W42,
SE-O,Västra Götalandsregionen,2018,42,2018-10-21,3,available,historical,2026-08-25T00:00:00Z,14,2018W42,
SE,Sverige,2018,43,2018-10-28,5,available,historical,2026-08-25T00:00:00Z,00,2018W43,
SE-M,Region Skåne,2018,43,2018-10-28,0,available,historical,2026-08-25T00:00:00Z,12,2018W43,
SE-O,Västra Götalandsregionen,2018,43,2018-10-28,3,available,historical,2026-08-25T00:00:00Z,14,2018W43,
SE,Sverige,2018,44,2018-11-04,6,available,historical,2026-08-25T00:00:00Z,00,2018W44,
SE-M,Region Skåne,2018,44,2018-11-04,0,available,historical,2026-08-25T00:00:00Z,12,2018W44,
SE-O,Västra Götalandsregionen,2018,44,2018-11-04,3,available,historical,2026-08-25T00:00:00Z,14,2018W44,
SE,Sverige,2018,45,2018-11-11,11,available,historical,2026-08-25T00:00:00Z,00,2018W45,
SE-M,Region Skåne,2018,45,2018-11-11,1,available,historical,2026-08-25T00:00:00Z,12,2018W45,
SE-O,Västra Götalandsregionen,2018,45,2018-11-11,2,available,historical,2026-08-25T00:00:00Z,14,2018W45,
SE,Sverige,2018,46,2018-11-18,15,available,historical,2026-08-25T00:00:00Z,00,2018W46,
SE-M,Region Skåne,2018,46,2018-11-18,0,available,historical,2026-08-25T00:00:00Z,12,2018W46,
SE-O,Västra Götalandsregionen,2018,46,2018-11-18,4,available,historical,2026-08-25T00:00:00Z,14,2018W46,
SE,Sverige,2018,47,2018-11-25,24,available,historical,2026-08-25T00:00:00Z,00,2018W47,
SE-M,Region Skåne,2018,47,2018-11-25,0,available,historical,2026-08-25T00:00:00Z,12,2018W47,
SE-O,Västra Götalandsregionen,2018,47,2018-11-25,4,available,historical,2026-08-25T00:00:00Z,14,2018W47,
SE,Sverige,2018,48,2018-12-02,39,available,historical,2026-08-25T00:00:00Z,00,2018W48,
SE-M,Region Skåne,2018,48,2018-12-02,4,available,historical,2026-08-25T00:00:00Z,12,2018W48,
SE-O,Västra Götalandsregionen,2018,48,2018-12-02,2,available,historical,2026-08-25T00:00:00Z,14,2018W48,
SE,Sverige,2018,49,2018-12-09,96,available,historical,2026-08-25T00:00:00Z,00,2018W49,
SE-M,Region Skåne,2018,49,2018-12-09,5,available,historical,2026-08-25T00:00:00Z,12,2018W49,
SE-O,Västra Götalandsregionen,2018,49,2018-12-09,22,available,historical,2026-08-25T00:00:00Z,14,2018W49,
SE,Sverige,2018,50,2018-12-16,191,available,historical,2026-08-25T00:00:00Z,00,2018W50,
SE-M,Region Skåne,2018,50,2018-12-16,13,available,historical,2026-08-25T00:00:00Z,12,2018W50,
SE-O,Västra Götalandsregionen,2018,50,2018-12-16,31,available,historical,2026-08-25T00:00:00Z,14,2018W50,
SE,Sverige,2018,51,2018-12-23,413,available,historical,2026-08-25T00:00:00Z,00,2018W51,
SE-M,Region Skåne,2018,51,2018-12-23,23,available,historical,2026-08-25T00:00:00Z,12,2018W51,
SE-O,Västra Götalandsregionen,2018,51,2018-12-23,87,available,historical,2026-08-25T00:00:00Z,14,2018W51,
SE,Sverige,2018,52,2018-12-30,705,available,historical,2026-08-25T00:00:00Z,00,2018W52,
SE-M,Region Skåne,2018,52,2018-12-30,50,available,historical,2026-08-25T00:00:00Z,12,2018W52,
SE-O,Västra Götalandsregionen,2018,52,2018-12-30,125,available,historical,2026-08-25T00:00:00Z,14,2018W52,
SE,Sverige,2019,1,2019-01-06,786,available,historical,2026-08-25T00:00:00Z,00,2019W01,
SE-M,Region Skåne,2019,1,2019-01-06,43,available,historical,2026-08-25T00:00:00Z,12,2019W01,
SE-O,Västra Götalandsregionen,2019,1,2019-01-06,161,available,historical,2026-08-25T00:00:00Z,14,2019W01,
SE,Sverige,2019,2,2019-01-13,748,available,historical,2026-08-25T00:00:00Z,00,2019W02,
SE-M,Region Skåne,2019,2,2019-01-13,45,available,historical,2026-08-25T00:00:00Z,12,2019W02,
SE-O,Västra Götalandsregionen,2019,2,2019-01-13,179,available,historical,2026-08-25T00:00:00Z,14,2019W02,
SE,Sverige,2019,3,2019-01-20,760,available,historical,2026-08-25T00:00:00Z,00,2019W03,
SE-M,Region Skåne,2019,3,2019-01-20,69,available,historical,2026-08-25T00:00:00Z,12,2019W03,
SE-O,Västra Götalandsregionen,2019,3,2019-01-20,161,available,historical,2026-08-25T00:00:00Z,14,2019W03,
SE,Sverige,2019,4,2019-01-27,884,available,historical,2026-08-25T00:00:00Z,00,2019W04,
SE-M,Region Skåne,2019,4,2019-01-27,62,available,historical,2026-08-25T00:00:00Z,12,2019W04,
SE-O,Västra Götalandsregionen,2019,4,2019-01-27,171,available,historical,2026-08-25T00:00:00Z,14,2019W04,
SE,Sverige,2019,5,2019-02-03,1155,available,historical,2026-08-25T00:00:00Z,00,2019W05,
SE-M,Region Skåne,2019,5,2019-02-03,93,available,historical,2026-08-25T00:00:00Z,12,2019W05,
SE-O,Västra Götalandsregionen,2019,5,2019-02-03,238,available,historical,2026-08-25T00:00:00Z,14,2019W05,
SE,Sverige,2019,6,2019-02-10,1301,available,historical,2026-08-25T00:00:00Z,00,2019W06,
SE-M,Region Skåne,2019,6,2019-02-10,150,available,historical,2026-08-25T00:00:00Z,12,2019W06,
SE-O,Västra Götalandsregionen,2019,6,2019-02-10,237,available,historical,2026-08-25T00:00:00Z,14,2019W06,
SE,Sverige,2019,7,2019-02-17,1292,available,historical,2026-08-25T00:00:00Z,00,2019W07,
SE-M,Region Skåne,2019,7,2019-02-17,135,available,historical,2026-08-25T00:00:00Z,12,2019W07,
SE-O,Västra Götalandsregionen,2019,7,2019-02-17,260,available,historical,2026-08-25T00:00:00Z,14,2019W07,
SE,Sverige,2019,8,2019-02-24,1044,available,historical,2026-08-25T00:00:00Z,00,2019W08,
SE-M,Region Skåne,2019,8,2019-02-24,120,available,historical,2026-08-25T00:00:00Z,12,2019W08,
SE-O,Västra Götalandsregionen,2019,8,2019-02-24,206,available,historical,2026-08-25T00:00:00Z,14,2019W08,
SE,Sverige,2019,9,2019-03-03,827,available,historical,2026-08-25T00:00:00Z,00,2019W09,
SE-M,Region Skåne,2019,9,2019-03-03,99,available,historical,2026-08-25T00:00:00Z,12,2019W09,
SE-O,Västra Götalandsregionen,2019,9,2019-03-03,119,available,historical,2026-08-25T00:00:00Z,14,2019W09,
SE,Sverige,2019,10,2019-03-10,601,available,historical,2026-08-25T00:00:00Z,00,2019W10,
SE-M,Region Skåne,2019,10,2019-03-10,67,available,historical,2026-08-25T00:00:00Z,12,2019W10,
SE-O,Västra Götalandsregionen,2019,10,2019-03-10,83,available,historical,2026-08-25T00:00:00Z,14,2019W10,
SE,Sverige,2019,11,2019-03-17,538,available,historical,2026-08-25T00:00:00Z,00,2019W11,
SE-M,Region Skåne,2019,11,2019-03-17,57,available,historical,2026-08-25T00:00:00Z,12,2019W11,
SE-O,Västra Götalandsregionen,2019,11,2019-03-17,73,available,historical,2026-08-25T00:00:00Z,14,2019W11,
SE,Sverige,2019,12,2019-03-24,477,available,historical,2026-08-25T00:00:00Z,00,2019W12,
SE-M,Region Skåne,2019,12,2019-03-24,35,available,historical,2026-08-25T00:00:00Z,12,2019W12,
SE-O,Västra Götalandsregionen,2019,12,2019-03-24,52,available,historical,2026-08-25T00:00:00Z,14,2019W12,
SE,Sverige,2019,13,2019-03-31,428,available,historical,2026-08-25T00:00:00Z,00,2019W13,
SE-M,Region Skåne,2019,13,2019-03-31,30,available,historical,2026-08-25T00:00:00Z,12,2019W13,
SE-O,Västra Götalandsregionen,2019,13,2019-03-31,61,available,historical,2026-08-25T00:00:00Z,14,2019W13,
SE,Sverige,2019,14,2019-04-07,373,available,historical,2026-08-25T00:00:00Z,00,2019W14,
SE-M,Region Skåne,2019,14,2019-04-07,30,available,historical,2026-08-25T00:00:00Z,12,2019W14,
SE-O,Västra Götalandsregionen,2019,14,2019-04-07,48,available,historical,2026-08-25T00:00:00Z,14,2019W14,
SE,Sverige,2019,15,2019-04-14,356,available,historical,2026-08-25T00:00:00Z,00,2019W15,
SE-M,Region Skåne,2019,15,2019-04-14,20,available,historical,2026-08-25T00:00:00Z,12,2019W15,
SE-O,Västra Götalandsregionen,2019,15,2019-04-14,40,available,historical,2026-08-25T00:00:00Z,14,2019W15,
SE,Sverige,2019,16,2019-04-21,340,available,historical,2026-08-25T00:00:00Z,00,2019W16,
SE-M,Region Skåne,2019,16,2019-04-21,36,available,historical,2026-08-25T00:00:00Z,12,2019W16,
SE-O,Västra Götalandsregionen,2019,16,2019-04-21,52,available,historical,2026-08-25T00:00:00Z,14,2019W16,
SE,Sverige,2019,17,2019-04-28,328,available,historical,2026-08-25T00:00:00Z,00,2019W17,
SE-M,Region Skåne,2019,17,2019-04-28,21,available,historical,2026-08-25T00:00:00Z,12,2019W17,
SE-O,Västra Götalandsregionen,2019,17,2019-04-28,65,available,historical,2026-08-25T00:00:00Z,14,2019W17,
SE,Sverige,2019,18,2019-05-05,186,available,historical,2026-08-25T00:00:00Z,00,2019W18,
SE-M,Region Skåne,2019,18,2019-05-05,6,available,historical,2026-08-25T00:00:00Z,12,2019W18,
SE-O,Västra Götalandsregionen,2019,18,2019-05-05,34,available,historical,2026-08-25T00:00:00Z,14,2019W18,
SE,Sverige,2019,19,2019-05-12,100,available,historical,2026-08-25T00:00:00Z,00,2019W19,
SE-M,Region Skåne,2019,19,2019-05-12,8,available,historical,2026-08-25T00:00:00Z,12,2019W19,
SE-O,Västra Götalandsregionen,2019,19,2019-05-12,15,available,historical,2026-08-25T00:00:00Z,14,2019W19,
SE,Sverige,2019,20,2019-05-19,86,available,historical,2026-08-25T00:00:00Z,00,2019W20,
SE-M,Region Skåne,2019,20,2019-05-19,8,available,historical,2026-08-25T00:00:00Z,12,2019W20,
SE-O,Västra Götalandsregionen,2019,20,2019-05-19,20,available,historical,2026-08-25T00:00:00Z,14,2019W20,
SE,Sverige,2019,21,2019-05-26,59,available,historical,2026-08-25T00:00:00Z,00,2019W21,
SE-M,Region Skåne,2019,21,2019-05-26,11,available,historical,2026-08-25T00:00:00Z,12,2019W21,
SE-O,Västra Götalandsregionen,2019,21,2019-05-26,13,available,historical,2026-08-25T00:00:00Z,14,2019W21,
SE,Sverige,2019,22,2019-06-02,39,available,historical,2026-08-25T00:00:00Z,00,2019W22,
SE-M,Region Skåne,2019,22,2019-06-02,17,available,historical,2026-08-25T00:00:00Z,12,2019W22,
SE-O,Västra Götalandsregionen,2019,22,2019-06-02,4,available,historical,2026-08-25T00:00:00Z,14,2019W22,
SE,Sverige,2019,23,2019-06-09,19,available,historical,2026-08-25T00:00:00Z,00,2019W23,
SE-M,Region Skåne,2019,23,2019-06-09,3,available,historical,2026-08-25T00:00:00Z,12,2019W23,
SE-O,Västra Götalandsregionen,2019,23,2019-06-09,7,available,historical,2026-08-25T00:00:00Z,14,2019W23,
SE,Sverige,2019,24,2019-06-16,11,available,historical,2026-08-25T00:00:00Z,00,2019W24,
SE-M,Region Skåne,2019,24,2019-06-16,1,available,historical,2026-08-25T00:00:00Z,12,2019W24,
SE-O,Västra Götalandsregionen,2019,24,2019-06-16,5,available,historical,2026-08-25T00:00:00Z,14,2019W24,
SE,Sverige,2019,25,2019-06-23,6,available,historical,2026-08-25T00:00:00Z,00,2019W25,
SE-M,Region Skåne,2019,25,2019-06-23,0,available,historical,2026-08-25T00:00:00Z,12,2019W25,
SE-O,Västra Götalandsregionen,2019,25,2019-06-23,3,available,historical,2026-08-25T00:00:00Z,14,2019W25,
SE,Sverige,2019,26,2019-06-30,8,available,historical,2026-08-25T00:00:00Z,00,2019W26,
SE-M,Region Skåne,2019,26,2019-06-30,0,available,historical,2026-08-25T00:00:00Z,12,2019W26,
SE-O,Västra Götalandsregionen,2019,26,2019-06-30,4,available,historical,2026-08-25T00:00:00Z,14,2019W26,
SE,Sverige,2019,27,2019-07-07,4,available,historical,2026-08-25T00:00:00Z,00,2019W27,
SE-M,Region Skåne,2019,27,2019-07-07,0,available,historical,2026-08-25T00:00:00Z,12,2019W27,
SE-O,Västra Götalandsregionen,2019,27,2019-07-07,0,available,historical,2026-08-25T00:00:00Z,14,2019W27,
SE,Sverige,2019,28,2019-07-14,1,available,historical,2026-08-25T00:00:00Z,00,2019W28,
SE-M,Region Skåne,2019,28,2019-07-14,0,available,historical,2026-08-25T00:00:00Z,12,2019W28,
SE-O,Västra Götalandsregionen,2019,28,2019-07-14,0,available,historical,2026-08-25T00:00:00Z,14,2019W28,
SE,Sverige,2019,29,2019-07-21,2,available,historical,2026-08-25T00:00:00Z,00,2019W29,
SE-M,Region Skåne,2019,29,2019-07-21,0,available,historical,2026-08-25T00:00:00Z,12,2019W29,
SE-O,Västra Götalandsregionen,2019,29,2019-07-21,0,available,historical,2026-08-25T00:00:00Z,14,2019W29,
SE,Sverige,2019,30,2019-07-28,4,available,historical,2026-08-25T00:00:00Z,00,2019W30,
SE-M,Region Skåne,2019,30,2019-07-28,0,available,historical,2026-08-25T00:00:00Z,12,2019W30,
SE-O,Västra Götalandsregionen,2019,30,2019-07-28,3,available,historical,2026-08-25T00:00:00Z,14,2019W30,
SE,Sverige,2019,31,2019-08-04,4,available,historical,2026-08-25T00:00:00Z,00,2019W31,
SE-M,Region Skåne,2019,31,2019-08-04,0,available,historical,2026-08-25T00:00:00Z,12,2019W31,
SE-O,Västra Götalandsregionen,2019,31,2019-08-04,0,available,historical,2026-08-25T00:00:00Z,14,2019W31,
SE,Sverige,2019,32,2019-08-11,3,available,historical,2026-08-25T00:00:00Z,00,2019W32,
SE-M,Region Skåne,2019,32,2019-08-11,0,available,historical,2026-08-25T00:00:00Z,12,2019W32,
SE-O,Västra Götalandsregionen,2019,32,2019-08-11,1,available,historical,2026-08-25T00:00:00Z,14,2019W32,
SE,Sverige,2019,33,2019-08-18,5,available,historical,2026-08-25T00:00:00Z,00,2019W33,
SE-M,Region Skåne,2019,33,2019-08-18,0,available,historical,2026-08-25T00:00:00Z,12,2019W33,
SE-O,Västra Götalandsregionen,2019,33,2019-08-18,1,available,historical,2026-08-25T00:00:00Z,14,2019W33,
SE,Sverige,2019,34,2019-08-25,12,available,historical,2026-08-25T00:00:00Z,00,2019W34,
SE-M,Region Skåne,2019,34,2019-08-25,1,available,historical,2026-08-25T00:00:00Z,12,2019W34,
SE-O,Västra Götalandsregionen,2019,34,2019-08-25,2,available,historical,2026-08-25T00:00:00Z,14,2019W34,
SE,Sverige,2019,35,2019-09-01,11,available,historical,2026-08-25T00:00:00Z,00,2019W35,
SE-M,Region Skåne,2019,35,2019-09-01,0,available,historical,2026-08-25T00:00:00Z,12,2019W35,
SE-O,Västra Götalandsregionen,2019,35,2019-09-01,7,available,historical,2026-08-25T00:00:00Z,14,2019W35,
SE,Sverige,2019,36,2019-09-08,7,available,historical,2026-08-25T00:00:00Z,00,2019W36,
SE-M,Region Skåne,2019,36,2019-09-08,0,available,historical,2026-08-25T00:00:00Z,12,2019W36,
SE-O,Västra Götalandsregionen,2019,36,2019-09-08,2,available,historical,2026-08-25T00:00:00Z,14,2019W36,
SE,Sverige,2019,37,2019-09-15,0,available,historical,2026-08-25T00:00:00Z,00,2019W37,
SE-M,Region Skåne,2019,37,2019-09-15,0,available,historical,2026-08-25T00:00:00Z,12,2019W37,
SE-O,Västra Götalandsregionen,2019,37,2019-09-15,0,available,historical,2026-08-25T00:00:00Z,14,2019W37,
SE,Sverige,2019,38,2019-09-22,5,available,historical,2026-08-25T00:00:00Z,00,2019W38,
SE-M,Region Skåne,2019,38,2019-09-22,0,available,historical,2026-08-25T00:00:00Z,12,2019W38,
SE-O,Västra Götalandsregionen,2019,38,2019-09-22,2,available,historical,2026-08-25T00:00:00Z,14,2019W38,
SE,Sverige,2019,39,2019-09-29,4,available,historical,2026-08-25T00:00:00Z,00,2019W39,
SE-M,Region Skåne,2019,39,2019-09-29,0,available,historical,2026-08-25T00:00:00Z,12,2019W39,
SE-O,Västra Götalandsregionen,2019,39,2019-09-29,2,available,historical,2026-08-25T00:00:00Z,14,2019W39,
SE,Sverige,2019,40,2019-10-06,1,available,historical,2026-08-25T00:00:00Z,00,2019W40,
SE-M,Region Skåne,2019,40,2019-10-06,0,available,historical,2026-08-25T00:00:00Z,12,2019W40,
SE-O,Västra Götalandsregionen,2019,40,2019-10-06,0,available,historical,2026-08-25T00:00:00Z,14,2019W40,
SE,Sverige,2019,41,2019-10-13,4,available,historical,2026-08-25T00:00:00Z,00,2019W41,
SE-M,Region Skåne,2019,41,2019-10-13,0,available,historical,2026-08-25T00:00:00Z,12,2019W41,
SE-O,Västra Götalandsregionen,2019,41,2019-10-13,1,available,historical,2026-08-25T00:00:00Z,14,2019W41,
SE,Sverige,2019,42,2019-10-20,8,available,historical,2026-08-25T00:00:00Z,00,2019W42,
SE-M,Region Skåne,2019,42,2019-10-20,0,available,historical,2026-08-25T00:00:00Z,12,2019W42,
SE-O,Västra Götalandsregionen,2019,42,2019-10-20,1,available,historical,2026-08-25T00:00:00Z,14,2019W42,
SE,Sverige,2019,43,2019-10-27,7,available,historical,2026-08-25T00:00:00Z,00,2019W43,
SE-M,Region Skåne,2019,43,2019-10-27,1,available,historical,2026-08-25T00:00:00Z,12,2019W43,
SE-O,Västra Götalandsregionen,2019,43,2019-10-27,2,available,historical,2026-08-25T00:00:00Z,14,2019W43,
SE,Sverige,2019,44,2019-11-03,11,available,historical,2026-08-25T00:00:00Z,00,2019W44,
SE-M,Region Skåne,2019,44,2019-11-03,0,available,historical,2026-08-25T00:00:00Z,12,2019W44,
SE-O,Västra Götalandsregionen,2019,44,2019-11-03,0,available,historical,2026-08-25T00:00:00Z,14,2019W44,
SE,Sverige,2019,45,2019-11-10,23,available,historical,2026-08-25T00:00:00Z,00,2019W45,
SE-M,Region Skåne,2019,45,2019-11-10,2,available,historical,2026-08-25T00:00:00Z,12,2019W45,
SE-O,Västra Götalandsregionen,2019,45,2019-11-10,3,available,historical,2026-08-25T00:00:00Z,14,2019W45,
SE,Sverige,2019,46,2019-11-17,39,available,historical,2026-08-25T00:00:00Z,00,2019W46,
SE-M,Region Skåne,2019,46,2019-11-17,0,available,historical,2026-08-25T00:00:00Z,12,2019W46,
SE-O,Västra Götalandsregionen,2019,46,2019-11-17,3,available,historical,2026-08-25T00:00:00Z,14,2019W46,
SE,Sverige,2019,47,2019-11-24,65,available,historical,2026-08-25T00:00:00Z,00,2019W47,
SE-M,Region Skåne,2019,47,2019-11-24,0,available,historical,2026-08-25T00:00:00Z,12,2019W47,
SE-O,Västra Götalandsregionen,2019,47,2019-11-24,10,available,historical,2026-08-25T00:00:00Z,14,2019W47,
SE,Sverige,2019,48,2019-12-01,68,available,historical,2026-08-25T00:00:00Z,00,2019W48,
SE-M,Region Skåne,2019,48,2019-12-01,4,available,historical,2026-08-25T00:00:00Z,12,2019W48,
SE-O,Västra Götalandsregionen,2019,48,2019-12-01,13,available,historical,2026-08-25T00:00:00Z,14,2019W48,
SE,Sverige,2019,49,2019-12-08,118,available,historical,2026-08-25T00:00:00Z,00,2019W49,
SE-M,Region Skåne,2019,49,2019-12-08,12,available,historical,2026-08-25T00:00:00Z,12,2019W49,
SE-O,Västra Götalandsregionen,2019,49,2019-12-08,28,available,historical,2026-08-25T00:00:00Z,14,2019W49,
SE,Sverige,2019,50,2019-12-15,179,available,historical,2026-08-25T00:00:00Z,00,2019W50,
SE-M,Region Skåne,2019,50,2019-12-15,15,available,historical,2026-08-25T00:00:00Z,12,2019W50,
SE-O,Västra Götalandsregionen,2019,50,2019-12-15,55,available,historical,2026-08-25T00:00:00Z,14,2019W50,
SE,Sverige,2019,51,2019-12-22,286,available,historical,2026-08-25T00:00:00Z,00,2019W51,
SE-M,Region Skåne,2019,51,2019-12-22,25,available,historical,2026-08-25T00:00:00Z,12,2019W51,
SE-O,Västra Götalandsregionen,2019,51,2019-12-22,88,available,historical,2026-08-25T00:00:00Z,14,2019W51,
SE,Sverige,2019,52,2019-12-29,286,available,historical,2026-08-25T00:00:00Z,00,2019W52,
SE-M,Region Skåne,2019,52,2019-12-29,27,available,historical,2026-08-25T00:00:00Z,12,2019W52,
SE-O,Västra Götalandsregionen,2019,52,2019-12-29,59,available,historical,2026-08-25T00:00:00Z,14,2019W52,
SE,Sverige,2020,1,2020-01-05,403,available,historical,2026-08-25T00:00:00Z,00,2020W01,
SE-M,Region Skåne,2020,1,2020-01-05,19,available,historical,2026-08-25T00:00:00Z,12,2020W01,
SE-O,Västra Götalandsregionen,2020,1,2020-01-05,98,available,historical,2026-08-25T00:00:00Z,14,2020W01,
SE,Sverige,2020,2,2020-01-12,412,available,historical,2026-08-25T00:00:00Z,00,2020W02,
SE-M,Region Skåne,2020,2,2020-01-12,41,available,historical,2026-08-25T00:00:00Z,12,2020W02,
SE-O,Västra Götalandsregionen,2020,2,2020-01-12,83,available,historical,2026-08-25T00:00:00Z,14,2020W02,
SE,Sverige,2020,3,2020-01-19,293,available,historical,2026-08-25T00:00:00Z,00,2020W03,
SE-M,Region Skåne,2020,3,2020-01-19,24,available,historical,2026-08-25T00:00:00Z,12,2020W03,
SE-O,Västra Götalandsregionen,2020,3,2020-01-19,49,available,historical,2026-08-25T00:00:00Z,14,2020W03,
SE,Sverige,2020,4,2020-01-26,362,available,historical,2026-08-25T00:00:00Z,00,2020W04,
SE-M,Region Skåne,2020,4,2020-01-26,51,available,historical,2026-08-25T00:00:00Z,12,2020W04,
SE-O,Västra Götalandsregionen,2020,4,2020-01-26,67,available,historical,2026-08-25T00:00:00Z,14,2020W04,
SE,Sverige,2020,5,2020-02-02,497,available,historical,2026-08-25T00:00:00Z,00,2020W05,
SE-M,Region Skåne,2020,5,2020-02-02,49,available,historical,2026-08-25T00:00:00Z,12,2020W05,
SE-O,Västra Götalandsregionen,2020,5,2020-02-02,101,available,historical,2026-08-25T00:00:00Z,14,2020W05,
SE,Sverige,2020,6,2020-02-09,539,available,historical,2026-08-25T00:00:00Z,00,2020W06,
SE-M,Region Skåne,2020,6,2020-02-09,45,available,historical,2026-08-25T00:00:00Z,12,2020W06,
SE-O,Västra Götalandsregionen,2020,6,2020-02-09,89,available,historical,2026-08-25T00:00:00Z,14,2020W06,
SE,Sverige,2020,7,2020-02-16,732,available,historical,2026-08-25T00:00:00Z,00,2020W07,
SE-M,Region Skåne,2020,7,2020-02-16,69,available,historical,2026-08-25T00:00:00Z,12,2020W07,
SE-O,Västra Götalandsregionen,2020,7,2020-02-16,122,available,historical,2026-08-25T00:00:00Z,14,2020W07,
SE,Sverige,2020,8,2020-02-23,740,available,historical,2026-08-25T00:00:00Z,00,2020W08,
SE-M,Region Skåne,2020,8,2020-02-23,88,available,historical,2026-08-25T00:00:00Z,12,2020W08,
SE-O,Västra Götalandsregionen,2020,8,2020-02-23,121,available,historical,2026-08-25T00:00:00Z,14,2020W08,
SE,Sverige,2020,9,2020-03-01,789,available,historical,2026-08-25T00:00:00Z,00,2020W09,
SE-M,Region Skåne,2020,9,2020-03-01,95,available,historical,2026-08-25T00:00:00Z,12,2020W09,
SE-O,Västra Götalandsregionen,2020,9,2020-03-01,104,available,historical,2026-08-25T00:00:00Z,14,2020W09,
SE,Sverige,2020,10,2020-03-08,930,available,historical,2026-08-25T00:00:00Z,00,2020W10,
SE-M,Region Skåne,2020,10,2020-03-08,92,available,historical,2026-08-25T00:00:00Z,12,2020W10,
SE-O,Västra Götalandsregionen,2020,10,2020-03-08,131,available,historical,2026-08-25T00:00:00Z,14,2020W10,
SE,Sverige,2020,11,2020-03-15,811,available,historical,2026-08-25T00:00:00Z,00,2020W11,
SE-M,Region Skåne,2020,11,2020-03-15,112,available,historical,2026-08-25T00:00:00Z,12,2020W11,
SE-O,Västra Götalandsregionen,2020,11,2020-03-15,121,available,historical,2026-08-25T00:00:00Z,14,2020W11,
SE,Sverige,2020,12,2020-03-22,449,available,historical,2026-08-25T00:00:00Z,00,2020W12,
SE-M,Region Skåne,2020,12,2020-03-22,67,available,historical,2026-08-25T00:00:00Z,12,2020W12,
SE-O,Västra Götalandsregionen,2020,12,2020-03-22,81,available,historical,2026-08-25T00:00:00Z,14,2020W12,
SE,Sverige,2020,13,2020-03-29,166,available,historical,2026-08-25T00:00:00Z,00,2020W13,
SE-M,Region Skåne,2020,13,2020-03-29,23,available,historical,2026-08-25T00:00:00Z,12,2020W13,
SE-O,Västra Götalandsregionen,2020,13,2020-03-29,24,available,historical,2026-08-25T00:00:00Z,14,2020W13,
SE,Sverige,2020,14,2020-04-05,53,available,historical,2026-08-25T00:00:00Z,00,2020W14,
SE-M,Region Skåne,2020,14,2020-04-05,4,available,historical,2026-08-25T00:00:00Z,12,2020W14,
SE-O,Västra Götalandsregionen,2020,14,2020-04-05,11,available,historical,2026-08-25T00:00:00Z,14,2020W14,
SE,Sverige,2020,15,2020-04-12,18,available,historical,2026-08-25T00:00:00Z,00,2020W15,
SE-M,Region Skåne,2020,15,2020-04-12,1,available,historical,2026-08-25T00:00:00Z,12,2020W15,
SE-O,Västra Götalandsregionen,2020,15,2020-04-12,2,available,historical,2026-08-25T00:00:00Z,14,2020W15,
SE,Sverige,2020,16,2020-04-19,7,available,historical,2026-08-25T00:00:00Z,00,2020W16,
SE-M,Region Skåne,2020,16,2020-04-19,0,available,historical,2026-08-25T00:00:00Z,12,2020W16,
SE-O,Västra Götalandsregionen,2020,16,2020-04-19,3,available,historical,2026-08-25T00:00:00Z,14,2020W16,
SE,Sverige,2020,17,2020-04-26,3,available,historical,2026-08-25T00:00:00Z,00,2020W17,
SE-M,Region Skåne,2020,17,2020-04-26,1,available,historical,2026-08-25T00:00:00Z,12,2020W17,
SE-O,Västra Götalandsregionen,2020,17,2020-04-26,0,available,historical,2026-08-25T00:00:00Z,14,2020W17,
SE,Sverige,2020,18,2020-05-03,6,available,historical,2026-08-25T00:00:00Z,00,2020W18,
SE-M,Region Skåne,2020,18,2020-05-03,0,available,historical,2026-08-25T00:00:00Z,12,2020W18,
SE-O,Västra Götalandsregionen,2020,18,2020-05-03,4,available,historical,2026-08-25T00:00:00Z,14,2020W18,
SE,Sverige,2020,19,2020-05-10,1,available,historical,2026-08-25T00:00:00Z,00,2020W19,
SE-M,Region Skåne,2020,19,2020-05-10,0,available,historical,2026-08-25T00:00:00Z,12,2020W19,
SE-O,Västra Götalandsregionen,2020,19,2020-05-10,1,available,historical,2026-08-25T00:00:00Z,14,2020W19,
SE,Sverige,2020,20,2020-05-17,0,available,historical,2026-08-25T00:00:00Z,00,2020W20,
SE-M,Region Skåne,2020,20,2020-05-17,0,available,historical,2026-08-25T00:00:00Z,12,2020W20,
SE-O,Västra Götalandsregionen,2020,20,2020-05-17,0,available,historical,2026-08-25T00:00:00Z,14,2020W20,
SE,Sverige,2020,21,2020-05-24,1,available,historical,2026-08-25T00:00:00Z,00,2020W21,
SE-M,Region Skåne,2020,21,2020-05-24,0,available,historical,2026-08-25T00:00:00Z,12,2020W21,
SE-O,Västra Götalandsregionen,2020,21,2020-05-24,0,available,historical,2026-08-25T00:00:00Z,14,2020W21,
SE,Sverige,2020,22,2020-05-31,0,available,historical,2026-08-25T00:00:00Z,00,2020W22,
SE-M,Region Skåne,2020,22,2020-05-31,0,available,historical,2026-08-25T00:00:00Z,12,2020W22,
SE-O,Västra Götalandsregionen,2020,22,2020-05-31,0,available,historical,2026-08-25T00:00:00Z,14,2020W22,
SE,Sverige,2020,23,2020-06-07,1,available,historical,2026-08-25T00:00:00Z,00,2020W23,
SE-M,Region Skåne,2020,23,2020-06-07,0,available,historical,2026-08-25T00:00:00Z,12,2020W23,
SE-O,Västra Götalandsregionen,2020,23,2020-06-07,0,available,historical,2026-08-25T00:00:00Z,14,2020W23,
SE,Sverige,2020,24,2020-06-14,0,available,historical,2026-08-25T00:00:00Z,00,2020W24,
SE-M,Region Skåne,2020,24,2020-06-14,0,available,historical,2026-08-25T00:00:00Z,12,2020W24,
SE-O,Västra Götalandsregionen,2020,24,2020-06-14,0,available,historical,2026-08-25T00:00:00Z,14,2020W24,
SE,Sverige,2020,25,2020-06-21,2,available,historical,2026-08-25T00:00:00Z,00,2020W25,
SE-M,Region Skåne,2020,25,2020-06-21,0,available,historical,2026-08-25T00:00:00Z,12,2020W25,
SE-O,Västra Götalandsregionen,2020,25,2020-06-21,1,available,historical,2026-08-25T00:00:00Z,14,2020W25,
SE,Sverige,2020,26,2020-06-28,0,available,historical,2026-08-25T00:00:00Z,00,2020W26,
SE-M,Region Skåne,2020,26,2020-06-28,0,available,historical,2026-08-25T00:00:00Z,12,2020W26,
SE-O,Västra Götalandsregionen,2020,26,2020-06-28,0,available,historical,2026-08-25T00:00:00Z,14,2020W26,
SE,Sverige,2020,27,2020-07-05,0,available,historical,2026-08-25T00:00:00Z,00,2020W27,
SE-M,Region Skåne,2020,27,2020-07-05,0,available,historical,2026-08-25T00:00:00Z,12,2020W27,
SE-O,Västra Götalandsregionen,2020,27,2020-07-05,0,available,historical,2026-08-25T00:00:00Z,14,2020W27,
SE,Sverige,2020,28,2020-07-12,0,available,historical,2026-08-25T00:00:00Z,00,2020W28,
SE-M,Region Skåne,2020,28,2020-07-12,0,available,historical,2026-08-25T00:00:00Z,12,2020W28,
SE-O,Västra Götalandsregionen,2020,28,2020-07-12,0,available,historical,2026-08-25T00:00:00Z,14,2020W28,
SE,Sverige,2020,29,2020-07-19,0,available,historical,2026-08-25T00:00:00Z,00,2020W29,
SE-M,Region Skåne,2020,29,2020-07-19,0,available,historical,2026-08-25T00:00:00Z,12,2020W29,
SE-O,Västra Götalandsregionen,2020,29,2020-07-19,0,available,historical,2026-08-25T00:00:00Z,14,2020W29,
SE,Sverige,2020,30,2020-07-26,0,available,historical,2026-08-25T00:00:00Z,00,2020W30,
SE-M,Region Skåne,2020,30,2020-07-26,0,available,historical,2026-08-25T00:00:00Z,12,2020W30,
SE-O,Västra Götalandsregionen,2020,30,2020-07-26,0,available,historical,2026-08-25T00:00:00Z,14,2020W30,
SE,Sverige,2020,31,2020-08-02,0,available,historical,2026-08-25T00:00:00Z,00,2020W31,
SE-M,Region Skåne,2020,31,2020-08-02,0,available,historical,2026-08-25T00:00:00Z,12,2020W31,
SE-O,Västra Götalandsregionen,2020,31,2020-08-02,0,available,historical,2026-08-25T00:00:00Z,14,2020W31,
SE,Sverige,2020,32,2020-08-09,0,available,historical,2026-08-25T00:00:00Z,00,2020W32,
SE-M,Region Skåne,2020,32,2020-08-09,0,available,historical,2026-08-25T00:00:00Z,12,2020W32,
SE-O,Västra Götalandsregionen,2020,32,2020-08-09,0,available,historical,2026-08-25T00:00:00Z,14,2020W32,
SE,Sverige,2020,33,2020-08-16,0,available,historical,2026-08-25T00:00:00Z,00,2020W33,
SE-M,Region Skåne,2020,33,2020-08-16,0,available,historical,2026-08-25T00:00:00Z,12,2020W33,
SE-O,Västra Götalandsregionen,2020,33,2020-08-16,0,available,historical,2026-08-25T00:00:00Z,14,2020W33,
SE,Sverige,2020,34,2020-08-23,0,available,historical,2026-08-25T00:00:00Z,00,2020W34,
SE-M,Region Skåne,2020,34,2020-08-23,0,available,historical,2026-08-25T00:00:00Z,12,2020W34,
SE-O,Västra Götalandsregionen,2020,34,2020-08-23,0,available,historical,2026-08-25T00:00:00Z,14,2020W34,
SE,Sverige,2020,35,2020-08-30,0,available,historical,2026-08-25T00:00:00Z,00,2020W35,
SE-M,Region Skåne,2020,35,2020-08-30,0,available,historical,2026-08-25T00:00:00Z,12,2020W35,
SE-O,Västra Götalandsregionen,2020,35,2020-08-30,0,available,historical,2026-08-25T00:00:00Z,14,2020W35,
SE,Sverige,2020,36,2020-09-06,0,available,historical,2026-08-25T00:00:00Z,00,2020W36,
SE-M,Region Skåne,2020,36,2020-09-06,0,available,historical,2026-08-25T00:00:00Z,12,2020W36,
SE-O,Västra Götalandsregionen,2020,36,2020-09-06,0,available,historical,2026-08-25T00:00:00Z,14,2020W36,
SE,Sverige,2020,37,2020-09-13,0,available,historical,2026-08-25T00:00:00Z,00,2020W37,
SE-M,Region Skåne,2020,37,2020-09-13,0,available,historical,2026-08-25T00:00:00Z,12,2020W37,
SE-O,Västra Götalandsregionen,2020,37,2020-09-13,0,available,historical,2026-08-25T00:00:00Z,14,2020W37,
SE,Sverige,2020,38,2020-09-20,0,available,historical,2026-08-25T00:00:00Z,00,2020W38,
SE-M,Region Skåne,2020,38,2020-09-20,0,available,historical,2026-08-25T00:00:00Z,12,2020W38,
SE-O,Västra Götalandsregionen,2020,38,2020-09-20,0,available,historical,2026-08-25T00:00:00Z,14,2020W38,
SE,Sverige,2020,39,2020-09-27,0,available,historical,2026-08-25T00:00:00Z,00,2020W39,
SE-M,Region Skåne,2020,39,2020-09-27,0,available,historical,2026-08-25T00:00:00Z,12,2020W39,
SE-O,Västra Götalandsregionen,2020,39,2020-09-27,0,available,historical,2026-08-25T00:00:00Z,14,2020W39,
SE,Sverige,2020,40,2020-10-04,0,available,historical,2026-08-25T00:00:00Z,00,2020W40,
SE-M,Region Skåne,2020,40,2020-10-04,0,available,historical,2026-08-25T00:00:00Z,12,2020W40,
SE-O,Västra Götalandsregionen,2020,40,2020-10-04,0,available,historical,2026-08-25T00:00:00Z,14,2020W40,
SE,Sverige,2020,41,2020-10-11,0,available,historical,2026-08-25T00:00:00Z,00,2020W41,
SE-M,Region Skåne,2020,41,2020-10-11,0,available,historical,2026-08-25T00:00:00Z,12,2020W41,
SE-O,Västra Götalandsregionen,2020,41,2020-10-11,0,available,historical,2026-08-25T00:00:00Z,14,2020W41,
SE,Sverige,2020,42,2020-10-18,0,available,historical,2026-08-25T00:00:00Z,00,2020W42,
SE-M,Region Skåne,2020,42,2020-10-18,0,available,historical,2026-08-25T00:00:00Z,12,2020W42,
SE-O,Västra Götalandsregionen,2020,42,2020-10-18,0,available,historical,2026-08-25T00:00:00Z,14,2020W42,
SE,Sverige,2020,43,2020-10-25,0,available,historical,2026-08-25T00:00:00Z,00,2020W43,
SE-M,Region Skåne,2020,43,2020-10-25,0,available,historical,2026-08-25T00:00:00Z,12,2020W43,
SE-O,Västra Götalandsregionen,2020,43,2020-10-25,0,available,historical,2026-08-25T00:00:00Z,14,2020W43,
SE,Sverige,2020,44,2020-11-01,0,available,historical,2026-08-25T00:00:00Z,00,2020W44,
SE-M,Region Skåne,2020,44,2020-11-01,0,available,historical,2026-08-25T00:00:00Z,12,2020W44,
SE-O,Västra Götalandsregionen,2020,44,2020-11-01,0,available,historical,2026-08-25T00:00:00Z,14,2020W44,
SE,Sverige,2020,45,2020-11-08,2,available,historical,2026-08-25T00:00:00Z,00,2020W45,
SE-M,Region Skåne,2020,45,2020-11-08,0,available,historical,2026-08-25T00:00:00Z,12,2020W45,
SE-O,Västra Götalandsregionen,2020,45,2020-11-08,2,available,historical,2026-08-25T00:00:00Z,14,2020W45,
SE,Sverige,2020,46,2020-11-15,1,available,historical,2026-08-25T00:00:00Z,00,2020W46,
SE-M,Region Skåne,2020,46,2020-11-15,0,available,historical,2026-08-25T00:00:00Z,12,2020W46,
SE-O,Västra Götalandsregionen,2020,46,2020-11-15,1,available,historical,2026-08-25T00:00:00Z,14,2020W46,
SE,Sverige,2020,47,2020-11-22,0,available,historical,2026-08-25T00:00:00Z,00,2020W47,
SE-M,Region Skåne,2020,47,2020-11-22,0,available,historical,2026-08-25T00:00:00Z,12,2020W47,
SE-O,Västra Götalandsregionen,2020,47,2020-11-22,0,available,historical,2026-08-25T00:00:00Z,14,2020W47,
SE,Sverige,2020,48,2020-11-29,3,available,historical,2026-08-25T00:00:00Z,00,2020W48,
SE-M,Region Skåne,2020,48,2020-11-29,0,available,historical,2026-08-25T00:00:00Z,12,2020W48,
SE-O,Västra Götalandsregionen,2020,48,2020-11-29,1,available,historical,2026-08-25T00:00:00Z,14,2020W48,
SE,Sverige,2020,49,2020-12-06,1,available,historical,2026-08-25T00:00:00Z,00,2020W49,
SE-M,Region Skåne,2020,49,2020-12-06,0,available,historical,2026-08-25T00:00:00Z,12,2020W49,
SE-O,Västra Götalandsregionen,2020,49,2020-12-06,0,available,historical,2026-08-25T00:00:00Z,14,2020W49,
SE,Sverige,2020,50,2020-12-13,0,available,historical,2026-08-25T00:00:00Z,00,2020W50,
SE-M,Region Skåne,2020,50,2020-12-13,0,available,historical,2026-08-25T00:00:00Z,12,2020W50,
SE-O,Västra Götalandsregionen,2020,50,2020-12-13,0,available,historical,2026-08-25T00:00:00Z,14,2020W50,
SE,Sverige,2020,51,2020-12-20,1,available,historical,2026-08-25T00:00:00Z,00,2020W51,
SE-M,Region Skåne,2020,51,2020-12-20,0,available,historical,2026-08-25T00:00:00Z,12,2020W51,
SE-O,Västra Götalandsregionen,2020,51,2020-12-20,0,available,historical,2026-08-25T00:00:00Z,14,2020W51,
SE,Sverige,2020,52,2020-12-27,0,available,historical,2026-08-25T00:00:00Z,00,2020W52,
SE-M,Region Skåne,2020,52,2020-12-27,0,available,historical,2026-08-25T00:00:00Z,12,2020W52,
SE-O,Västra Götalandsregionen,2020,52,2020-12-27,0,available,historical,2026-08-25T00:00:00Z,14,2020W52,
SE,Sverige,2020,53,2021-01-03,0,available,historical,2026-08-25T00:00:00Z,00,2020W53,
SE-M,Region Skåne,2020,53,2021-01-03,0,available,historical,2026-08-25T00:00:00Z,12,2020W53,
SE-O,Västra Götalandsregionen,2020,53,2021-01-03,0,available,historical,2026-08-25T00:00:00Z,14,2020W53,
SE,Sverige,2021,1,2021-01-10,1,available,historical,2026-08-25T00:00:00Z,00,2021W01,
SE-M,Region Skåne,2021,1,2021-01-10,0,available,historical,2026-08-25T00:00:00Z,12,2021W01,
SE-O,Västra Götalandsregionen,2021,1,2021-01-10,0,available,historical,2026-08-25T00:00:00Z,14,2021W01,
SE,Sverige,2021,2,2021-01-17,0,available,historical,2026-08-25T00:00:00Z,00,2021W02,
SE-M,Region Skåne,2021,2,2021-01-17,0,available,historical,2026-08-25T00:00:00Z,12,2021W02,
SE-O,Västra Götalandsregionen,2021,2,2021-01-17,0,available,historical,2026-08-25T00:00:00Z,14,2021W02,
SE,Sverige,2021,3,2021-01-24,1,available,historical,2026-08-25T00:00:00Z,00,2021W03,
SE-M,Region Skåne,2021,3,2021-01-24,0,available,historical,2026-08-25T00:00:00Z,12,2021W03,
SE-O,Västra Götalandsregionen,2021,3,2021-01-24,0,available,historical,2026-08-25T00:00:00Z,14,2021W03,
SE,Sverige,2021,4,2021-01-31,5,available,historical,2026-08-25T00:00:00Z,00,2021W04,
SE-M,Region Skåne,2021,4,2021-01-31,1,available,historical,2026-08-25T00:00:00Z,12,2021W04,
SE-O,Västra Götalandsregionen,2021,4,2021-01-31,0,available,historical,2026-08-25T00:00:00Z,14,2021W04,
SE,Sverige,2021,5,2021-02-07,1,available,historical,2026-08-25T00:00:00Z,00,2021W05,
SE-M,Region Skåne,2021,5,2021-02-07,0,available,historical,2026-08-25T00:00:00Z,12,2021W05,
SE-O,Västra Götalandsregionen,2021,5,2021-02-07,1,available,historical,2026-08-25T00:00:00Z,14,2021W05,
SE,Sverige,2021,6,2021-02-14,1,available,historical,2026-08-25T00:00:00Z,00,2021W06,
SE-M,Region Skåne,2021,6,2021-02-14,0,available,historical,2026-08-25T00:00:00Z,12,2021W06,
SE-O,Västra Götalandsregionen,2021,6,2021-02-14,0,available,historical,2026-08-25T00:00:00Z,14,2021W06,
SE,Sverige,2021,7,2021-02-21,2,available,historical,2026-08-25T00:00:00Z,00,2021W07,
SE-M,Region Skåne,2021,7,2021-02-21,0,available,historical,2026-08-25T00:00:00Z,12,2021W07,
SE-O,Västra Götalandsregionen,2021,7,2021-02-21,0,available,historical,2026-08-25T00:00:00Z,14,2021W07,
SE,Sverige,2021,8,2021-02-28,0,available,historical,2026-08-25T00:00:00Z,00,2021W08,
SE-M,Region Skåne,2021,8,2021-02-28,0,available,historical,2026-08-25T00:00:00Z,12,2021W08,
SE-O,Västra Götalandsregionen,2021,8,2021-02-28,0,available,historical,2026-08-25T00:00:00Z,14,2021W08,
SE,Sverige,2021,9,2021-03-07,1,available,historical,2026-08-25T00:00:00Z,00,2021W09,
SE-M,Region Skåne,2021,9,2021-03-07,0,available,historical,2026-08-25T00:00:00Z,12,2021W09,
SE-O,Västra Götalandsregionen,2021,9,2021-03-07,0,available,historical,2026-08-25T00:00:00Z,14,2021W09,
SE,Sverige,2021,10,2021-03-14,2,available,historical,2026-08-25T00:00:00Z,00,2021W10,
SE-M,Region Skåne,2021,10,2021-03-14,0,available,historical,2026-08-25T00:00:00Z,12,2021W10,
SE-O,Västra Götalandsregionen,2021,10,2021-03-14,0,available,historical,2026-08-25T00:00:00Z,14,2021W10,
SE,Sverige,2021,11,2021-03-21,1,available,historical,2026-08-25T00:00:00Z,00,2021W11,
SE-M,Region Skåne,2021,11,2021-03-21,0,available,historical,2026-08-25T00:00:00Z,12,2021W11,
SE-O,Västra Götalandsregionen,2021,11,2021-03-21,0,available,historical,2026-08-25T00:00:00Z,14,2021W11,
SE,Sverige,2021,12,2021-03-28,3,available,historical,2026-08-25T00:00:00Z,00,2021W12,
SE-M,Region Skåne,2021,12,2021-03-28,0,available,historical,2026-08-25T00:00:00Z,12,2021W12,
SE-O,Västra Götalandsregionen,2021,12,2021-03-28,2,available,historical,2026-08-25T00:00:00Z,14,2021W12,
SE,Sverige,2021,13,2021-04-04,0,available,historical,2026-08-25T00:00:00Z,00,2021W13,
SE-M,Region Skåne,2021,13,2021-04-04,0,available,historical,2026-08-25T00:00:00Z,12,2021W13,
SE-O,Västra Götalandsregionen,2021,13,2021-04-04,0,available,historical,2026-08-25T00:00:00Z,14,2021W13,
SE,Sverige,2021,14,2021-04-11,0,available,historical,2026-08-25T00:00:00Z,00,2021W14,
SE-M,Region Skåne,2021,14,2021-04-11,0,available,historical,2026-08-25T00:00:00Z,12,2021W14,
SE-O,Västra Götalandsregionen,2021,14,2021-04-11,0,available,historical,2026-08-25T00:00:00Z,14,2021W14,
SE,Sverige,2021,15,2021-04-18,2,available,historical,2026-08-25T00:00:00Z,00,2021W15,
SE-M,Region Skåne,2021,15,2021-04-18,0,available,historical,2026-08-25T00:00:00Z,12,2021W15,
SE-O,Västra Götalandsregionen,2021,15,2021-04-18,0,available,historical,2026-08-25T00:00:00Z,14,2021W15,
SE,Sverige,2021,16,2021-04-25,1,available,historical,2026-08-25T00:00:00Z,00,2021W16,
SE-M,Region Skåne,2021,16,2021-04-25,0,available,historical,2026-08-25T00:00:00Z,12,2021W16,
SE-O,Västra Götalandsregionen,2021,16,2021-04-25,0,available,historical,2026-08-25T00:00:00Z,14,2021W16,
SE,Sverige,2021,17,2021-05-02,0,available,historical,2026-08-25T00:00:00Z,00,2021W17,
SE-M,Region Skåne,2021,17,2021-05-02,0,available,historical,2026-08-25T00:00:00Z,12,2021W17,
SE-O,Västra Götalandsregionen,2021,17,2021-05-02,0,available,historical,2026-08-25T00:00:00Z,14,2021W17,
SE,Sverige,2021,18,2021-05-09,0,available,historical,2026-08-25T00:00:00Z,00,2021W18,
SE-M,Region Skåne,2021,18,2021-05-09,0,available,historical,2026-08-25T00:00:00Z,12,2021W18,
SE-O,Västra Götalandsregionen,2021,18,2021-05-09,0,available,historical,2026-08-25T00:00:00Z,14,2021W18,
SE,Sverige,2021,19,2021-05-16,0,available,historical,2026-08-25T00:00:00Z,00,2021W19,
SE-M,Region Skåne,2021,19,2021-05-16,0,available,historical,2026-08-25T00:00:00Z,12,2021W19,
SE-O,Västra Götalandsregionen,2021,19,2021-05-16,0,available,historical,2026-08-25T00:00:00Z,14,2021W19,
SE,Sverige,2021,20,2021-05-23,0,available,historical,2026-08-25T00:00:00Z,00,2021W20,
SE-M,Region Skåne,2021,20,2021-05-23,0,available,historical,2026-08-25T00:00:00Z,12,2021W20,
SE-O,Västra Götalandsregionen,2021,20,2021-05-23,0,available,historical,2026-08-25T00:00:00Z,14,2021W20,
SE,Sverige,2021,21,2021-05-30,0,available,historical,2026-08-25T00:00:00Z,00,2021W21,
SE-M,Region Skåne,2021,21,2021-05-30,0,available,historical,2026-08-25T00:00:00Z,12,2021W21,
SE-O,Västra Götalandsregionen,2021,21,2021-05-30,0,available,historical,2026-08-25T00:00:00Z,14,2021W21,
SE,Sverige,2021,22,2021-06-06,0,available,historical,2026-08-25T00:00:00Z,00,2021W22,
SE-M,Region Skåne,2021,22,2021-06-06,0,available,historical,2026-08-25T00:00:00Z,12,2021W22,
SE-O,Västra Götalandsregionen,2021,22,2021-06-06,0,available,historical,2026-08-25T00:00:00Z,14,2021W22,
SE,Sverige,2021,23,2021-06-13,1,available,historical,2026-08-25T00:00:00Z,00,2021W23,
SE-M,Region Skåne,2021,23,2021-06-13,0,available,historical,2026-08-25T00:00:00Z,12,2021W23,
SE-O,Västra Götalandsregionen,2021,23,2021-06-13,1,available,historical,2026-08-25T00:00:00Z,14,2021W23,
SE,Sverige,2021,24,2021-06-20,1,available,historical,2026-08-25T00:00:00Z,00,2021W24,
SE-M,Region Skåne,2021,24,2021-06-20,0,available,historical,2026-08-25T00:00:00Z,12,2021W24,
SE-O,Västra Götalandsregionen,2021,24,2021-06-20,0,available,historical,2026-08-25T00:00:00Z,14,2021W24,
SE,Sverige,2021,25,2021-06-27,0,available,historical,2026-08-25T00:00:00Z,00,2021W25,
SE-M,Region Skåne,2021,25,2021-06-27,0,available,historical,2026-08-25T00:00:00Z,12,2021W25,
SE-O,Västra Götalandsregionen,2021,25,2021-06-27,0,available,historical,2026-08-25T00:00:00Z,14,2021W25,
SE,Sverige,2021,26,2021-07-04,1,available,historical,2026-08-25T00:00:00Z,00,2021W26,
SE-M,Region Skåne,2021,26,2021-07-04,0,available,historical,2026-08-25T00:00:00Z,12,2021W26,
SE-O,Västra Götalandsregionen,2021,26,2021-07-04,1,available,historical,2026-08-25T00:00:00Z,14,2021W26,
SE,Sverige,2021,27,2021-07-11,0,available,historical,2026-08-25T00:00:00Z,00,2021W27,
SE-M,Region Skåne,2021,27,2021-07-11,0,available,historical,2026-08-25T00:00:00Z,12,2021W27,
SE-O,Västra Götalandsregionen,2021,27,2021-07-11,0,available,historical,2026-08-25T00:00:00Z,14,2021W27,
SE,Sverige,2021,28,2021-07-18,1,available,historical,2026-08-25T00:00:00Z,00,2021W28,
SE-M,Region Skåne,2021,28,2021-07-18,0,available,historical,2026-08-25T00:00:00Z,12,2021W28,
SE-O,Västra Götalandsregionen,2021,28,2021-07-18,0,available,historical,2026-08-25T00:00:00Z,14,2021W28,
SE,Sverige,2021,29,2021-07-25,0,available,historical,2026-08-25T00:00:00Z,00,2021W29,
SE-M,Region Skåne,2021,29,2021-07-25,0,available,historical,2026-08-25T00:00:00Z,12,2021W29,
SE-O,Västra Götalandsregionen,2021,29,2021-07-25,0,available,historical,2026-08-25T00:00:00Z,14,2021W29,
SE,Sverige,2021,30,2021-08-01,2,available,historical,2026-08-25T00:00:00Z,00,2021W30,
SE-M,Region Skåne,2021,30,2021-08-01,0,available,historical,2026-08-25T00:00:00Z,12,2021W30,
SE-O,Västra Götalandsregionen,2021,30,2021-08-01,0,available,historical,2026-08-25T00:00:00Z,14,2021W30,
SE,Sverige,2021,31,2021-08-08,0,available,historical,2026-08-25T00:00:00Z,00,2021W31,
SE-M,Region Skåne,2021,31,2021-08-08,0,available,historical,2026-08-25T00:00:00Z,12,2021W31,
SE-O,Västra Götalandsregionen,2021,31,2021-08-08,0,available,historical,2026-08-25T00:00:00Z,14,2021W31,
SE,Sverige,2021,32,2021-08-15,3,available,historical,2026-08-25T00:00:00Z,00,2021W32,
SE-M,Region Skåne,2021,32,2021-08-15,0,available,historical,2026-08-25T00:00:00Z,12,2021W32,
SE-O,Västra Götalandsregionen,2021,32,2021-08-15,0,available,historical,2026-08-25T00:00:00Z,14,2021W32,
SE,Sverige,2021,33,2021-08-22,1,available,historical,2026-08-25T00:00:00Z,00,2021W33,
SE-M,Region Skåne,2021,33,2021-08-22,1,available,historical,2026-08-25T00:00:00Z,12,2021W33,
SE-O,Västra Götalandsregionen,2021,33,2021-08-22,0,available,historical,2026-08-25T00:00:00Z,14,2021W33,
SE,Sverige,2021,34,2021-08-29,3,available,historical,2026-08-25T00:00:00Z,00,2021W34,
SE-M,Region Skåne,2021,34,2021-08-29,0,available,historical,2026-08-25T00:00:00Z,12,2021W34,
SE-O,Västra Götalandsregionen,2021,34,2021-08-29,1,available,historical,2026-08-25T00:00:00Z,14,2021W34,
SE,Sverige,2021,35,2021-09-05,1,available,historical,2026-08-25T00:00:00Z,00,2021W35,
SE-M,Region Skåne,2021,35,2021-09-05,0,available,historical,2026-08-25T00:00:00Z,12,2021W35,
SE-O,Västra Götalandsregionen,2021,35,2021-09-05,0,available,historical,2026-08-25T00:00:00Z,14,2021W35,
SE,Sverige,2021,36,2021-09-12,2,available,historical,2026-08-25T00:00:00Z,00,2021W36,
SE-M,Region Skåne,2021,36,2021-09-12,0,available,historical,2026-08-25T00:00:00Z,12,2021W36,
SE-O,Västra Götalandsregionen,2021,36,2021-09-12,0,available,historical,2026-08-25T00:00:00Z,14,2021W36,
SE,Sverige,2021,37,2021-09-19,1,available,historical,2026-08-25T00:00:00Z,00,2021W37,
SE-M,Region Skåne,2021,37,2021-09-19,0,available,historical,2026-08-25T00:00:00Z,12,2021W37,
SE-O,Västra Götalandsregionen,2021,37,2021-09-19,0,available,historical,2026-08-25T00:00:00Z,14,2021W37,
SE,Sverige,2021,38,2021-09-26,0,available,historical,2026-08-25T00:00:00Z,00,2021W38,
SE-M,Region Skåne,2021,38,2021-09-26,0,available,historical,2026-08-25T00:00:00Z,12,2021W38,
SE-O,Västra Götalandsregionen,2021,38,2021-09-26,0,available,historical,2026-08-25T00:00:00Z,14,2021W38,
SE,Sverige,2021,39,2021-10-03,1,available,historical,2026-08-25T00:00:00Z,00,2021W39,
SE-M,Region Skåne,2021,39,2021-10-03,0,available,historical,2026-08-25T00:00:00Z,12,2021W39,
SE-O,Västra Götalandsregionen,2021,39,2021-10-03,0,available,historical,2026-08-25T00:00:00Z,14,2021W39,
SE,Sverige,2021,40,2021-10-10,4,available,historical,2026-08-25T00:00:00Z,00,2021W40,
SE-M,Region Skåne,2021,40,2021-10-10,0,available,historical,2026-08-25T00:00:00Z,12,2021W40,
SE-O,Västra Götalandsregionen,2021,40,2021-10-10,0,available,historical,2026-08-25T00:00:00Z,14,2021W40,
SE,Sverige,2021,41,2021-10-17,4,available,historical,2026-08-25T00:00:00Z,00,2021W41,
SE-M,Region Skåne,2021,41,2021-10-17,0,available,historical,2026-08-25T00:00:00Z,12,2021W41,
SE-O,Västra Götalandsregionen,2021,41,2021-10-17,0,available,historical,2026-08-25T00:00:00Z,14,2021W41,
SE,Sverige,2021,42,2021-10-24,12,available,historical,2026-08-25T00:00:00Z,00,2021W42,
SE-M,Region Skåne,2021,42,2021-10-24,0,available,historical,2026-08-25T00:00:00Z,12,2021W42,
SE-O,Västra Götalandsregionen,2021,42,2021-10-24,0,available,historical,2026-08-25T00:00:00Z,14,2021W42,
SE,Sverige,2021,43,2021-10-31,23,available,historical,2026-08-25T00:00:00Z,00,2021W43,
SE-M,Region Skåne,2021,43,2021-10-31,1,available,historical,2026-08-25T00:00:00Z,12,2021W43,
SE-O,Västra Götalandsregionen,2021,43,2021-10-31,0,available,historical,2026-08-25T00:00:00Z,14,2021W43,
SE,Sverige,2021,44,2021-11-07,24,available,historical,2026-08-25T00:00:00Z,00,2021W44,
SE-M,Region Skåne,2021,44,2021-11-07,0,available,historical,2026-08-25T00:00:00Z,12,2021W44,
SE-O,Västra Götalandsregionen,2021,44,2021-11-07,0,available,historical,2026-08-25T00:00:00Z,14,2021W44,
SE,Sverige,2021,45,2021-11-14,60,available,historical,2026-08-25T00:00:00Z,00,2021W45,
SE-M,Region Skåne,2021,45,2021-11-14,1,available,historical,2026-08-25T00:00:00Z,12,2021W45,
SE-O,Västra Götalandsregionen,2021,45,2021-11-14,2,available,historical,2026-08-25T00:00:00Z,14,2021W45,
SE,Sverige,2021,46,2021-11-21,87,available,historical,2026-08-25T00:00:00Z,00,2021W46,
SE-M,Region Skåne,2021,46,2021-11-21,0,available,historical,2026-08-25T00:00:00Z,12,2021W46,
SE-O,Västra Götalandsregionen,2021,46,2021-11-21,3,available,historical,2026-08-25T00:00:00Z,14,2021W46,
SE,Sverige,2021,47,2021-11-28,172,available,historical,2026-08-25T00:00:00Z,00,2021W47,
SE-M,Region Skåne,2021,47,2021-11-28,5,available,historical,2026-08-25T00:00:00Z,12,2021W47,
SE-O,Västra Götalandsregionen,2021,47,2021-11-28,8,available,historical,2026-08-25T00:00:00Z,14,2021W47,
SE,Sverige,2021,48,2021-12-05,522,available,historical,2026-08-25T00:00:00Z,00,2021W48,
SE-M,Region Skåne,2021,48,2021-12-05,28,available,historical,2026-08-25T00:00:00Z,12,2021W48,
SE-O,Västra Götalandsregionen,2021,48,2021-12-05,15,available,historical,2026-08-25T00:00:00Z,14,2021W48,
SE,Sverige,2021,49,2021-12-12,1121,available,historical,2026-08-25T00:00:00Z,00,2021W49,
SE-M,Region Skåne,2021,49,2021-12-12,28,available,historical,2026-08-25T00:00:00Z,12,2021W49,
SE-O,Västra Götalandsregionen,2021,49,2021-12-12,37,available,historical,2026-08-25T00:00:00Z,14,2021W49,
SE,Sverige,2021,50,2021-12-19,2766,available,historical,2026-08-25T00:00:00Z,00,2021W50,
SE-M,Region Skåne,2021,50,2021-12-19,46,available,historical,2026-08-25T00:00:00Z,12,2021W50,
SE-O,Västra Götalandsregionen,2021,50,2021-12-19,88,available,historical,2026-08-25T00:00:00Z,14,2021W50,
SE,Sverige,2021,51,2021-12-26,1768,available,historical,2026-08-25T00:00:00Z,00,2021W51,
SE-M,Region Skåne,2021,51,2021-12-26,117,available,historical,2026-08-25T00:00:00Z,12,2021W51,
SE-O,Västra Götalandsregionen,2021,51,2021-12-26,108,available,historical,2026-08-25T00:00:00Z,14,2021W51,
SE,Sverige,2021,52,2022-01-02,1836,available,historical,2026-08-25T00:00:00Z,00,2021W52,
SE-M,Region Skåne,2021,52,2022-01-02,144,available,historical,2026-08-25T00:00:00Z,12,2021W52,
SE-O,Västra Götalandsregionen,2021,52,2022-01-02,160,available,historical,2026-08-25T00:00:00Z,14,2021W52,
SE,Sverige,2022,1,2022-01-09,1273,available,historical,2026-08-25T00:00:00Z,00,2022W01,
SE-M,Region Skåne,2022,1,2022-01-09,136,available,historical,2026-08-25T00:00:00Z,12,2022W01,
SE-O,Västra Götalandsregionen,2022,1,2022-01-09,169,available,historical,2026-08-25T00:00:00Z,14,2022W01,
SE,Sverige,2022,2,2022-01-16,402,available,historical,2026-08-25T00:00:00Z,00,2022W02,
SE-M,Region Skåne,2022,2,2022-01-16,42,available,historical,2026-08-25T00:00:00Z,12,2022W02,
SE-O,Västra Götalandsregionen,2022,2,2022-01-16,64,available,historical,2026-08-25T00:00:00Z,14,2022W02,
SE,Sverige,2022,3,2022-01-23,191,available,historical,2026-08-25T00:00:00Z,00,2022W03,
SE-M,Region Skåne,2022,3,2022-01-23,23,available,historical,2026-08-25T00:00:00Z,12,2022W03,
SE-O,Västra Götalandsregionen,2022,3,2022-01-23,13,available,historical,2026-08-25T00:00:00Z,14,2022W03,
SE,Sverige,2022,4,2022-01-30,64,available,historical,2026-08-25T00:00:00Z,00,2022W04,
SE-M,Region Skåne,2022,4,2022-01-30,12,available,historical,2026-08-25T00:00:00Z,12,2022W04,
SE-O,Västra Götalandsregionen,2022,4,2022-01-30,12,available,historical,2026-08-25T00:00:00Z,14,2022W04,
SE,Sverige,2022,5,2022-02-06,47,available,historical,2026-08-25T00:00:00Z,00,2022W05,
SE-M,Region Skåne,2022,5,2022-02-06,7,available,historical,2026-08-25T00:00:00Z,12,2022W05,
SE-O,Västra Götalandsregionen,2022,5,2022-02-06,15,available,historical,2026-08-25T00:00:00Z,14,2022W05,
SE,Sverige,2022,6,2022-02-13,21,available,historical,2026-08-25T00:00:00Z,00,2022W06,
SE-M,Region Skåne,2022,6,2022-02-13,4,available,historical,2026-08-25T00:00:00Z,12,2022W06,
SE-O,Västra Götalandsregionen,2022,6,2022-02-13,10,available,historical,2026-08-25T00:00:00Z,14,2022W06,
SE,Sverige,2022,7,2022-02-20,22,available,historical,2026-08-25T00:00:00Z,00,2022W07,
SE-M,Region Skåne,2022,7,2022-02-20,6,available,historical,2026-08-25T00:00:00Z,12,2022W07,
SE-O,Västra Götalandsregionen,2022,7,2022-02-20,3,available,historical,2026-08-25T00:00:00Z,14,2022W07,
SE,Sverige,2022,8,2022-02-27,23,available,historical,2026-08-25T00:00:00Z,00,2022W08,
SE-M,Region Skåne,2022,8,2022-02-27,5,available,historical,2026-08-25T00:00:00Z,12,2022W08,
SE-O,Västra Götalandsregionen,2022,8,2022-02-27,1,available,historical,2026-08-25T00:00:00Z,14,2022W08,
SE,Sverige,2022,9,2022-03-06,22,available,historical,2026-08-25T00:00:00Z,00,2022W09,
SE-M,Region Skåne,2022,9,2022-03-06,7,available,historical,2026-08-25T00:00:00Z,12,2022W09,
SE-O,Västra Götalandsregionen,2022,9,2022-03-06,1,available,historical,2026-08-25T00:00:00Z,14,2022W09,
SE,Sverige,2022,10,2022-03-13,49,available,historical,2026-08-25T00:00:00Z,00,2022W10,
SE-M,Region Skåne,2022,10,2022-03-13,6,available,historical,2026-08-25T00:00:00Z,12,2022W10,
SE-O,Västra Götalandsregionen,2022,10,2022-03-13,2,available,historical,2026-08-25T00:00:00Z,14,2022W10,
SE,Sverige,2022,11,2022-03-20,86,available,historical,2026-08-25T00:00:00Z,00,2022W11,
SE-M,Region Skåne,2022,11,2022-03-20,21,available,historical,2026-08-25T00:00:00Z,12,2022W11,
SE-O,Västra Götalandsregionen,2022,11,2022-03-20,3,available,historical,2026-08-25T00:00:00Z,14,2022W11,
SE,Sverige,2022,12,2022-03-27,109,available,historical,2026-08-25T00:00:00Z,00,2022W12,
SE-M,Region Skåne,2022,12,2022-03-27,31,available,historical,2026-08-25T00:00:00Z,12,2022W12,
SE-O,Västra Götalandsregionen,2022,12,2022-03-27,5,available,historical,2026-08-25T00:00:00Z,14,2022W12,
SE,Sverige,2022,13,2022-04-03,157,available,historical,2026-08-25T00:00:00Z,00,2022W13,
SE-M,Region Skåne,2022,13,2022-04-03,45,available,historical,2026-08-25T00:00:00Z,12,2022W13,
SE-O,Västra Götalandsregionen,2022,13,2022-04-03,19,available,historical,2026-08-25T00:00:00Z,14,2022W13,
SE,Sverige,2022,14,2022-04-10,326,available,historical,2026-08-25T00:00:00Z,00,2022W14,
SE-M,Region Skåne,2022,14,2022-04-10,72,available,historical,2026-08-25T00:00:00Z,12,2022W14,
SE-O,Västra Götalandsregionen,2022,14,2022-04-10,34,available,historical,2026-08-25T00:00:00Z,14,2022W14,
SE,Sverige,2022,15,2022-04-17,408,available,historical,2026-08-25T00:00:00Z,00,2022W15,
SE-M,Region Skåne,2022,15,2022-04-17,117,available,historical,2026-08-25T00:00:00Z,12,2022W15,
SE-O,Västra Götalandsregionen,2022,15,2022-04-17,30,available,historical,2026-08-25T00:00:00Z,14,2022W15,
SE,Sverige,2022,16,2022-04-24,454,available,historical,2026-08-25T00:00:00Z,00,2022W16,
SE-M,Region Skåne,2022,16,2022-04-24,89,available,historical,2026-08-25T00:00:00Z,12,2022W16,
SE-O,Västra Götalandsregionen,2022,16,2022-04-24,44,available,historical,2026-08-25T00:00:00Z,14,2022W16,
SE,Sverige,2022,17,2022-05-01,412,available,historical,2026-08-25T00:00:00Z,00,2022W17,
SE-M,Region Skåne,2022,17,2022-05-01,69,available,historical,2026-08-25T00:00:00Z,12,2022W17,
SE-O,Västra Götalandsregionen,2022,17,2022-05-01,46,available,historical,2026-08-25T00:00:00Z,14,2022W17,
SE,Sverige,2022,18,2022-05-08,324,available,historical,2026-08-25T00:00:00Z,00,2022W18,
SE-M,Region Skåne,2022,18,2022-05-08,36,available,historical,2026-08-25T00:00:00Z,12,2022W18,
SE-O,Västra Götalandsregionen,2022,18,2022-05-08,31,available,historical,2026-08-25T00:00:00Z,14,2022W18,
SE,Sverige,2022,19,2022-05-15,270,available,historical,2026-08-25T00:00:00Z,00,2022W19,
SE-M,Region Skåne,2022,19,2022-05-15,26,available,historical,2026-08-25T00:00:00Z,12,2022W19,
SE-O,Västra Götalandsregionen,2022,19,2022-05-15,28,available,historical,2026-08-25T00:00:00Z,14,2022W19,
SE,Sverige,2022,20,2022-05-22,245,available,historical,2026-08-25T00:00:00Z,00,2022W20,
SE-M,Region Skåne,2022,20,2022-05-22,13,available,historical,2026-08-25T00:00:00Z,12,2022W20,
SE-O,Västra Götalandsregionen,2022,20,2022-05-22,28,available,historical,2026-08-25T00:00:00Z,14,2022W20,
SE,Sverige,2022,21,2022-05-29,225,available,historical,2026-08-25T00:00:00Z,00,2022W21,
SE-M,Region Skåne,2022,21,2022-05-29,18,available,historical,2026-08-25T00:00:00Z,12,2022W21,
SE-O,Västra Götalandsregionen,2022,21,2022-05-29,31,available,historical,2026-08-25T00:00:00Z,14,2022W21,
SE,Sverige,2022,22,2022-06-05,131,available,historical,2026-08-25T00:00:00Z,00,2022W22,
SE-M,Region Skåne,2022,22,2022-06-05,5,available,historical,2026-08-25T00:00:00Z,12,2022W22,
SE-O,Västra Götalandsregionen,2022,22,2022-06-05,29,available,historical,2026-08-25T00:00:00Z,14,2022W22,
SE,Sverige,2022,23,2022-06-12,138,available,historical,2026-08-25T00:00:00Z,00,2022W23,
SE-M,Region Skåne,2022,23,2022-06-12,4,available,historical,2026-08-25T00:00:00Z,12,2022W23,
SE-O,Västra Götalandsregionen,2022,23,2022-06-12,12,available,historical,2026-08-25T00:00:00Z,14,2022W23,
SE,Sverige,2022,24,2022-06-19,132,available,historical,2026-08-25T00:00:00Z,00,2022W24,
SE-M,Region Skåne,2022,24,2022-06-19,3,available,historical,2026-08-25T00:00:00Z,12,2022W24,
SE-O,Västra Götalandsregionen,2022,24,2022-06-19,8,available,historical,2026-08-25T00:00:00Z,14,2022W24,
SE,Sverige,2022,25,2022-06-26,70,available,historical,2026-08-25T00:00:00Z,00,2022W25,
SE-M,Region Skåne,2022,25,2022-06-26,6,available,historical,2026-08-25T00:00:00Z,12,2022W25,
SE-O,Västra Götalandsregionen,2022,25,2022-06-26,6,available,historical,2026-08-25T00:00:00Z,14,2022W25,
SE,Sverige,2022,26,2022-07-03,42,available,historical,2026-08-25T00:00:00Z,00,2022W26,
SE-M,Region Skåne,2022,26,2022-07-03,3,available,historical,2026-08-25T00:00:00Z,12,2022W26,
SE-O,Västra Götalandsregionen,2022,26,2022-07-03,7,available,historical,2026-08-25T00:00:00Z,14,2022W26,
SE,Sverige,2022,27,2022-07-10,26,available,historical,2026-08-25T00:00:00Z,00,2022W27,
SE-M,Region Skåne,2022,27,2022-07-10,4,available,historical,2026-08-25T00:00:00Z,12,2022W27,
SE-O,Västra Götalandsregionen,2022,27,2022-07-10,1,available,historical,2026-08-25T00:00:00Z,14,2022W27,
SE,Sverige,2022,28,2022-07-17,19,available,historical,2026-08-25T00:00:00Z,00,2022W28,
SE-M,Region Skåne,2022,28,2022-07-17,2,available,historical,2026-08-25T00:00:00Z,12,2022W28,
SE-O,Västra Götalandsregionen,2022,28,2022-07-17,1,available,historical,2026-08-25T00:00:00Z,14,2022W28,
SE,Sverige,2022,29,2022-07-24,16,available,historical,2026-08-25T00:00:00Z,00,2022W29,
SE-M,Region Skåne,2022,29,2022-07-24,2,available,historical,2026-08-25T00:00:00Z,12,2022W29,
SE-O,Västra Götalandsregionen,2022,29,2022-07-24,2,available,historical,2026-08-25T00:00:00Z,14,2022W29,
SE,Sverige,2022,30,2022-07-31,16,available,historical,2026-08-25T00:00:00Z,00,2022W30,
SE-M,Region Skåne,2022,30,2022-07-31,2,available,historical,2026-08-25T00:00:00Z,12,2022W30,
SE-O,Västra Götalandsregionen,2022,30,2022-07-31,1,available,historical,2026-08-25T00:00:00Z,14,2022W30,
SE,Sverige,2022,31,2022-08-07,29,available,historical,2026-08-25T00:00:00Z,00,2022W31,
SE-M,Region Skåne,2022,31,2022-08-07,2,available,historical,2026-08-25T00:00:00Z,12,2022W31,
SE-O,Västra Götalandsregionen,2022,31,2022-08-07,2,available,historical,2026-08-25T00:00:00Z,14,2022W31,
SE,Sverige,2022,32,2022-08-14,23,available,historical,2026-08-25T00:00:00Z,00,2022W32,
SE-M,Region Skåne,2022,32,2022-08-14,2,available,historical,2026-08-25T00:00:00Z,12,2022W32,
SE-O,Västra Götalandsregionen,2022,32,2022-08-14,0,available,historical,2026-08-25T00:00:00Z,14,2022W32,
SE,Sverige,2022,33,2022-08-21,33,available,historical,2026-08-25T00:00:00Z,00,2022W33,
SE-M,Region Skåne,2022,33,2022-08-21,2,available,historical,2026-08-25T00:00:00Z,12,2022W33,
SE-O,Västra Götalandsregionen,2022,33,2022-08-21,4,available,historical,2026-08-25T00:00:00Z,14,2022W33,
SE,Sverige,2022,34,2022-08-28,31,available,historical,2026-08-25T00:00:00Z,00,2022W34,
SE-M,Region Skåne,2022,34,2022-08-28,2,available,historical,2026-08-25T00:00:00Z,12,2022W34,
SE-O,Västra Götalandsregionen,2022,34,2022-08-28,4,available,historical,2026-08-25T00:00:00Z,14,2022W34,
SE,Sverige,2022,35,2022-09-04,23,available,historical,2026-08-25T00:00:00Z,00,2022W35,
SE-M,Region Skåne,2022,35,2022-09-04,2,available,historical,2026-08-25T00:00:00Z,12,2022W35,
SE-O,Västra Götalandsregionen,2022,35,2022-09-04,3,available,historical,2026-08-25T00:00:00Z,14,2022W35,
SE,Sverige,2022,36,2022-09-11,16,available,historical,2026-08-25T00:00:00Z,00,2022W36,
SE-M,Region Skåne,2022,36,2022-09-11,2,available,historical,2026-08-25T00:00:00Z,12,2022W36,
SE-O,Västra Götalandsregionen,2022,36,2022-09-11,3,available,historical,2026-08-25T00:00:00Z,14,2022W36,
SE,Sverige,2022,37,2022-09-18,14,available,historical,2026-08-25T00:00:00Z,00,2022W37,
SE-M,Region Skåne,2022,37,2022-09-18,1,available,historical,2026-08-25T00:00:00Z,12,2022W37,
SE-O,Västra Götalandsregionen,2022,37,2022-09-18,2,available,historical,2026-08-25T00:00:00Z,14,2022W37,
SE,Sverige,2022,38,2022-09-25,13,available,historical,2026-08-25T00:00:00Z,00,2022W38,
SE-M,Region Skåne,2022,38,2022-09-25,0,available,historical,2026-08-25T00:00:00Z,12,2022W38,
SE-O,Västra Götalandsregionen,2022,38,2022-09-25,1,available,historical,2026-08-25T00:00:00Z,14,2022W38,
SE,Sverige,2022,39,2022-10-02,18,available,historical,2026-08-25T00:00:00Z,00,2022W39,
SE-M,Region Skåne,2022,39,2022-10-02,2,available,historical,2026-08-25T00:00:00Z,12,2022W39,
SE-O,Västra Götalandsregionen,2022,39,2022-10-02,1,available,historical,2026-08-25T00:00:00Z,14,2022W39,
SE,Sverige,2022,40,2022-10-09,11,available,historical,2026-08-25T00:00:00Z,00,2022W40,
SE-M,Region Skåne,2022,40,2022-10-09,2,available,historical,2026-08-25T00:00:00Z,12,2022W40,
SE-O,Västra Götalandsregionen,2022,40,2022-10-09,1,available,historical,2026-08-25T00:00:00Z,14,2022W40,
SE,Sverige,2022,41,2022-10-16,30,available,historical,2026-08-25T00:00:00Z,00,2022W41,
SE-M,Region Skåne,2022,41,2022-10-16,0,available,historical,2026-08-25T00:00:00Z,12,2022W41,
SE-O,Västra Götalandsregionen,2022,41,2022-10-16,2,available,historical,2026-08-25T00:00:00Z,14,2022W41,
SE,Sverige,2022,42,2022-10-23,17,available,historical,2026-08-25T00:00:00Z,00,2022W42,
SE-M,Region Skåne,2022,42,2022-10-23,2,available,historical,2026-08-25T00:00:00Z,12,2022W42,
SE-O,Västra Götalandsregionen,2022,42,2022-10-23,0,available,historical,2026-08-25T00:00:00Z,14,2022W42,
SE,Sverige,2022,43,2022-10-30,31,available,historical,2026-08-25T00:00:00Z,00,2022W43,
SE-M,Region Skåne,2022,43,2022-10-30,7,available,historical,2026-08-25T00:00:00Z,12,2022W43,
SE-O,Västra Götalandsregionen,2022,43,2022-10-30,3,available,historical,2026-08-25T00:00:00Z,14,2022W43,
SE,Sverige,2022,44,2022-11-06,35,available,historical,2026-08-25T00:00:00Z,00,2022W44,
SE-M,Region Skåne,2022,44,2022-11-06,7,available,historical,2026-08-25T00:00:00Z,12,2022W44,
SE-O,Västra Götalandsregionen,2022,44,2022-11-06,1,available,historical,2026-08-25T00:00:00Z,14,2022W44,
SE,Sverige,2022,45,2022-11-13,47,available,historical,2026-08-25T00:00:00Z,00,2022W45,
SE-M,Region Skåne,2022,45,2022-11-13,5,available,historical,2026-08-25T00:00:00Z,12,2022W45,
SE-O,Västra Götalandsregionen,2022,45,2022-11-13,5,available,historical,2026-08-25T00:00:00Z,14,2022W45,
SE,Sverige,2022,46,2022-11-20,55,available,historical,2026-08-25T00:00:00Z,00,2022W46,
SE-M,Region Skåne,2022,46,2022-11-20,13,available,historical,2026-08-25T00:00:00Z,12,2022W46,
SE-O,Västra Götalandsregionen,2022,46,2022-11-20,2,available,historical,2026-08-25T00:00:00Z,14,2022W46,
SE,Sverige,2022,47,2022-11-27,142,available,historical,2026-08-25T00:00:00Z,00,2022W47,
SE-M,Region Skåne,2022,47,2022-11-27,13,available,historical,2026-08-25T00:00:00Z,12,2022W47,
SE-O,Västra Götalandsregionen,2022,47,2022-11-27,10,available,historical,2026-08-25T00:00:00Z,14,2022W47,
SE,Sverige,2022,48,2022-12-04,328,available,historical,2026-08-25T00:00:00Z,00,2022W48,
SE-M,Region Skåne,2022,48,2022-12-04,17,available,historical,2026-08-25T00:00:00Z,12,2022W48,
SE-O,Västra Götalandsregionen,2022,48,2022-12-04,26,available,historical,2026-08-25T00:00:00Z,14,2022W48,
SE,Sverige,2022,49,2022-12-11,681,available,historical,2026-08-25T00:00:00Z,00,2022W49,
SE-M,Region Skåne,2022,49,2022-12-11,55,available,historical,2026-08-25T00:00:00Z,12,2022W49,
SE-O,Västra Götalandsregionen,2022,49,2022-12-11,51,available,historical,2026-08-25T00:00:00Z,14,2022W49,
SE,Sverige,2022,50,2022-12-18,1386,available,historical,2026-08-25T00:00:00Z,00,2022W50,
SE-M,Region Skåne,2022,50,2022-12-18,116,available,historical,2026-08-25T00:00:00Z,12,2022W50,
SE-O,Västra Götalandsregionen,2022,50,2022-12-18,134,available,historical,2026-08-25T00:00:00Z,14,2022W50,
SE,Sverige,2022,51,2022-12-25,2514,available,historical,2026-08-25T00:00:00Z,00,2022W51,
SE-M,Region Skåne,2022,51,2022-12-25,241,available,historical,2026-08-25T00:00:00Z,12,2022W51,
SE-O,Västra Götalandsregionen,2022,51,2022-12-25,369,available,historical,2026-08-25T00:00:00Z,14,2022W51,
SE,Sverige,2022,52,2023-01-01,3262,available,historical,2026-08-25T00:00:00Z,00,2022W52,
SE-M,Region Skåne,2022,52,2023-01-01,415,available,historical,2026-08-25T00:00:00Z,12,2022W52,
SE-O,Västra Götalandsregionen,2022,52,2023-01-01,329,available,historical,2026-08-25T00:00:00Z,14,2022W52,
SE,Sverige,2023,1,2023-01-08,2225,available,historical,2026-08-25T00:00:00Z,00,2023W01,
SE-M,Region Skåne,2023,1,2023-01-08,309,available,historical,2026-08-25T00:00:00Z,12,2023W01,
SE-O,Västra Götalandsregionen,2023,1,2023-01-08,240,available,historical,2026-08-25T00:00:00Z,14,2023W01,
SE,Sverige,2023,2,2023-01-15,1352,available,historical,2026-08-25T00:00:00Z,00,2023W02,
SE-M,Region Skåne,2023,2,2023-01-15,137,available,historical,2026-08-25T00:00:00Z,12,2023W02,
SE-O,Västra Götalandsregionen,2023,2,2023-01-15,151,available,historical,2026-08-25T00:00:00Z,14,2023W02,
SE,Sverige,2023,3,2023-01-22,700,available,historical,2026-08-25T00:00:00Z,00,2023W03,
SE-M,Region Skåne,2023,3,2023-01-22,49,available,historical,2026-08-25T00:00:00Z,12,2023W03,
SE-O,Västra Götalandsregionen,2023,3,2023-01-22,67,available,historical,2026-08-25T00:00:00Z,14,2023W03,
SE,Sverige,2023,4,2023-01-29,759,available,historical,2026-08-25T00:00:00Z,00,2023W04,
SE-M,Region Skåne,2023,4,2023-01-29,40,available,historical,2026-08-25T00:00:00Z,12,2023W04,
SE-O,Västra Götalandsregionen,2023,4,2023-01-29,71,available,historical,2026-08-25T00:00:00Z,14,2023W04,
SE,Sverige,2023,5,2023-02-05,939,available,historical,2026-08-25T00:00:00Z,00,2023W05,
SE-M,Region Skåne,2023,5,2023-02-05,72,available,historical,2026-08-25T00:00:00Z,12,2023W05,
SE-O,Västra Götalandsregionen,2023,5,2023-02-05,101,available,historical,2026-08-25T00:00:00Z,14,2023W05,
SE,Sverige,2023,6,2023-02-12,1036,available,historical,2026-08-25T00:00:00Z,00,2023W06,
SE-M,Region Skåne,2023,6,2023-02-12,110,available,historical,2026-08-25T00:00:00Z,12,2023W06,
SE-O,Västra Götalandsregionen,2023,6,2023-02-12,114,available,historical,2026-08-25T00:00:00Z,14,2023W06,
SE,Sverige,2023,7,2023-02-19,988,available,historical,2026-08-25T00:00:00Z,00,2023W07,
SE-M,Region Skåne,2023,7,2023-02-19,100,available,historical,2026-08-25T00:00:00Z,12,2023W07,
SE-O,Västra Götalandsregionen,2023,7,2023-02-19,105,available,historical,2026-08-25T00:00:00Z,14,2023W07,
SE,Sverige,2023,8,2023-02-26,890,available,historical,2026-08-25T00:00:00Z,00,2023W08,
SE-M,Region Skåne,2023,8,2023-02-26,99,available,historical,2026-08-25T00:00:00Z,12,2023W08,
SE-O,Västra Götalandsregionen,2023,8,2023-02-26,113,available,historical,2026-08-25T00:00:00Z,14,2023W08,
SE,Sverige,2023,9,2023-03-05,825,available,historical,2026-08-25T00:00:00Z,00,2023W09,
SE-M,Region Skåne,2023,9,2023-03-05,85,available,historical,2026-08-25T00:00:00Z,12,2023W09,
SE-O,Västra Götalandsregionen,2023,9,2023-03-05,80,available,historical,2026-08-25T00:00:00Z,14,2023W09,
SE,Sverige,2023,10,2023-03-12,764,available,historical,2026-08-25T00:00:00Z,00,2023W10,
SE-M,Region Skåne,2023,10,2023-03-12,69,available,historical,2026-08-25T00:00:00Z,12,2023W10,
SE-O,Västra Götalandsregionen,2023,10,2023-03-12,61,available,historical,2026-08-25T00:00:00Z,14,2023W10,
SE,Sverige,2023,11,2023-03-19,764,available,historical,2026-08-25T00:00:00Z,00,2023W11,
SE-M,Region Skåne,2023,11,2023-03-19,103,available,historical,2026-08-25T00:00:00Z,12,2023W11,
SE-O,Västra Götalandsregionen,2023,11,2023-03-19,85,available,historical,2026-08-25T00:00:00Z,14,2023W11,
SE,Sverige,2023,12,2023-03-26,703,available,historical,2026-08-25T00:00:00Z,00,2023W12,
SE-M,Region Skåne,2023,12,2023-03-26,79,available,historical,2026-08-25T00:00:00Z,12,2023W12,
SE-O,Västra Götalandsregionen,2023,12,2023-03-26,100,available,historical,2026-08-25T00:00:00Z,14,2023W12,
SE,Sverige,2023,13,2023-04-02,611,available,historical,2026-08-25T00:00:00Z,00,2023W13,
SE-M,Region Skåne,2023,13,2023-04-02,60,available,historical,2026-08-25T00:00:00Z,12,2023W13,
SE-O,Västra Götalandsregionen,2023,13,2023-04-02,83,available,historical,2026-08-25T00:00:00Z,14,2023W13,
SE,Sverige,2023,14,2023-04-09,537,available,historical,2026-08-25T00:00:00Z,00,2023W14,
SE-M,Region Skåne,2023,14,2023-04-09,46,available,historical,2026-08-25T00:00:00Z,12,2023W14,
SE-O,Västra Götalandsregionen,2023,14,2023-04-09,64,available,historical,2026-08-25T00:00:00Z,14,2023W14,
SE,Sverige,2023,15,2023-04-16,489,available,historical,2026-08-25T00:00:00Z,00,2023W15,
SE-M,Region Skåne,2023,15,2023-04-16,44,available,historical,2026-08-25T00:00:00Z,12,2023W15,
SE-O,Västra Götalandsregionen,2023,15,2023-04-16,77,available,historical,2026-08-25T00:00:00Z,14,2023W15,
SE,Sverige,2023,16,2023-04-23,305,available,historical,2026-08-25T00:00:00Z,00,2023W16,
SE-M,Region Skåne,2023,16,2023-04-23,29,available,historical,2026-08-25T00:00:00Z,12,2023W16,
SE-O,Västra Götalandsregionen,2023,16,2023-04-23,35,available,historical,2026-08-25T00:00:00Z,14,2023W16,
SE,Sverige,2023,17,2023-04-30,207,available,historical,2026-08-25T00:00:00Z,00,2023W17,
SE-M,Region Skåne,2023,17,2023-04-30,10,available,historical,2026-08-25T00:00:00Z,12,2023W17,
SE-O,Västra Götalandsregionen,2023,17,2023-04-30,27,available,historical,2026-08-25T00:00:00Z,14,2023W17,
SE,Sverige,2023,18,2023-05-07,174,available,historical,2026-08-25T00:00:00Z,00,2023W18,
SE-M,Region Skåne,2023,18,2023-05-07,13,available,historical,2026-08-25T00:00:00Z,12,2023W18,
SE-O,Västra Götalandsregionen,2023,18,2023-05-07,24,available,historical,2026-08-25T00:00:00Z,14,2023W18,
SE,Sverige,2023,19,2023-05-14,162,available,historical,2026-08-25T00:00:00Z,00,2023W19,
SE-M,Region Skåne,2023,19,2023-05-14,8,available,historical,2026-08-25T00:00:00Z,12,2023W19,
SE-O,Västra Götalandsregionen,2023,19,2023-05-14,13,available,historical,2026-08-25T00:00:00Z,14,2023W19,
SE,Sverige,2023,20,2023-05-21,116,available,historical,2026-08-25T00:00:00Z,00,2023W20,
SE-M,Region Skåne,2023,20,2023-05-21,9,available,historical,2026-08-25T00:00:00Z,12,2023W20,
SE-O,Västra Götalandsregionen,2023,20,2023-05-21,14,available,historical,2026-08-25T00:00:00Z,14,2023W20,
SE,Sverige,2023,21,2023-05-28,62,available,historical,2026-08-25T00:00:00Z,00,2023W21,
SE-M,Region Skåne,2023,21,2023-05-28,6,available,historical,2026-08-25T00:00:00Z,12,2023W21,
SE-O,Västra Götalandsregionen,2023,21,2023-05-28,12,available,historical,2026-08-25T00:00:00Z,14,2023W21,
SE,Sverige,2023,22,2023-06-04,26,available,historical,2026-08-25T00:00:00Z,00,2023W22,
SE-M,Region Skåne,2023,22,2023-06-04,1,available,historical,2026-08-25T00:00:00Z,12,2023W22,
SE-O,Västra Götalandsregionen,2023,22,2023-06-04,1,available,historical,2026-08-25T00:00:00Z,14,2023W22,
SE,Sverige,2023,23,2023-06-11,32,available,historical,2026-08-25T00:00:00Z,00,2023W23,
SE-M,Region Skåne,2023,23,2023-06-11,1,available,historical,2026-08-25T00:00:00Z,12,2023W23,
SE-O,Västra Götalandsregionen,2023,23,2023-06-11,1,available,historical,2026-08-25T00:00:00Z,14,2023W23,
SE,Sverige,2023,24,2023-06-18,29,available,historical,2026-08-25T00:00:00Z,00,2023W24,
SE-M,Region Skåne,2023,24,2023-06-18,1,available,historical,2026-08-25T00:00:00Z,12,2023W24,
SE-O,Västra Götalandsregionen,2023,24,2023-06-18,5,available,historical,2026-08-25T00:00:00Z,14,2023W24,
SE,Sverige,2023,25,2023-06-25,24,available,historical,2026-08-25T00:00:00Z,00,2023W25,
SE-M,Region Skåne,2023,25,2023-06-25,1,available,historical,2026-08-25T00:00:00Z,12,2023W25,
SE-O,Västra Götalandsregionen,2023,25,2023-06-25,2,available,historical,2026-08-25T00:00:00Z,14,2023W25,
SE,Sverige,2023,26,2023-07-02,12,available,historical,2026-08-25T00:00:00Z,00,2023W26,
SE-M,Region Skåne,2023,26,2023-07-02,2,available,historical,2026-08-25T00:00:00Z,12,2023W26,
SE-O,Västra Götalandsregionen,2023,26,2023-07-02,3,available,historical,2026-08-25T00:00:00Z,14,2023W26,
SE,Sverige,2023,27,2023-07-09,9,available,historical,2026-08-25T00:00:00Z,00,2023W27,
SE-M,Region Skåne,2023,27,2023-07-09,0,available,historical,2026-08-25T00:00:00Z,12,2023W27,
SE-O,Västra Götalandsregionen,2023,27,2023-07-09,0,available,historical,2026-08-25T00:00:00Z,14,2023W27,
SE,Sverige,2023,28,2023-07-16,13,available,historical,2026-08-25T00:00:00Z,00,2023W28,
SE-M,Region Skåne,2023,28,2023-07-16,1,available,historical,2026-08-25T00:00:00Z,12,2023W28,
SE-O,Västra Götalandsregionen,2023,28,2023-07-16,3,available,historical,2026-08-25T00:00:00Z,14,2023W28,
SE,Sverige,2023,29,2023-07-23,11,available,historical,2026-08-25T00:00:00Z,00,2023W29,
SE-M,Region Skåne,2023,29,2023-07-23,0,available,historical,2026-08-25T00:00:00Z,12,2023W29,
SE-O,Västra Götalandsregionen,2023,29,2023-07-23,2,available,historical,2026-08-25T00:00:00Z,14,2023W29,
SE,Sverige,2023,30,2023-07-30,12,available,historical,2026-08-25T00:00:00Z,00,2023W30,
SE-M,Region Skåne,2023,30,2023-07-30,0,available,historical,2026-08-25T00:00:00Z,12,2023W30,
SE-O,Västra Götalandsregionen,2023,30,2023-07-30,1,available,historical,2026-08-25T00:00:00Z,14,2023W30,
SE,Sverige,2023,31,2023-08-06,10,available,historical,2026-08-25T00:00:00Z,00,2023W31,
SE-M,Region Skåne,2023,31,2023-08-06,0,available,historical,2026-08-25T00:00:00Z,12,2023W31,
SE-O,Västra Götalandsregionen,2023,31,2023-08-06,0,available,historical,2026-08-25T00:00:00Z,14,2023W31,
SE,Sverige,2023,32,2023-08-13,8,available,historical,2026-08-25T00:00:00Z,00,2023W32,
SE-M,Region Skåne,2023,32,2023-08-13,0,available,historical,2026-08-25T00:00:00Z,12,2023W32,
SE-O,Västra Götalandsregionen,2023,32,2023-08-13,0,available,historical,2026-08-25T00:00:00Z,14,2023W32,
SE,Sverige,2023,33,2023-08-20,8,available,historical,2026-08-25T00:00:00Z,00,2023W33,
SE-M,Region Skåne,2023,33,2023-08-20,2,available,historical,2026-08-25T00:00:00Z,12,2023W33,
SE-O,Västra Götalandsregionen,2023,33,2023-08-20,0,available,historical,2026-08-25T00:00:00Z,14,2023W33,
SE,Sverige,2023,34,2023-08-27,11,available,historical,2026-08-25T00:00:00Z,00,2023W34,
SE-M,Region Skåne,2023,34,2023-08-27,1,available,historical,2026-08-25T00:00:00Z,12,2023W34,
SE-O,Västra Götalandsregionen,2023,34,2023-08-27,2,available,historical,2026-08-25T00:00:00Z,14,2023W34,
SE,Sverige,2023,35,2023-09-03,10,available,historical,2026-08-25T00:00:00Z,00,2023W35,
SE-M,Region Skåne,2023,35,2023-09-03,1,available,historical,2026-08-25T00:00:00Z,12,2023W35,
SE-O,Västra Götalandsregionen,2023,35,2023-09-03,2,available,historical,2026-08-25T00:00:00Z,14,2023W35,
SE,Sverige,2023,36,2023-09-10,9,available,historical,2026-08-25T00:00:00Z,00,2023W36,
SE-M,Region Skåne,2023,36,2023-09-10,1,available,historical,2026-08-25T00:00:00Z,12,2023W36,
SE-O,Västra Götalandsregionen,2023,36,2023-09-10,0,available,historical,2026-08-25T00:00:00Z,14,2023W36,
SE,Sverige,2023,37,2023-09-17,8,available,historical,2026-08-25T00:00:00Z,00,2023W37,
SE-M,Region Skåne,2023,37,2023-09-17,1,available,historical,2026-08-25T00:00:00Z,12,2023W37,
SE-O,Västra Götalandsregionen,2023,37,2023-09-17,0,available,historical,2026-08-25T00:00:00Z,14,2023W37,
SE,Sverige,2023,38,2023-09-24,11,available,historical,2026-08-25T00:00:00Z,00,2023W38,
SE-M,Region Skåne,2023,38,2023-09-24,0,available,historical,2026-08-25T00:00:00Z,12,2023W38,
SE-O,Västra Götalandsregionen,2023,38,2023-09-24,1,available,historical,2026-08-25T00:00:00Z,14,2023W38,
SE,Sverige,2023,39,2023-10-01,11,available,historical,2026-08-25T00:00:00Z,00,2023W39,
SE-M,Region Skåne,2023,39,2023-10-01,3,available,historical,2026-08-25T00:00:00Z,12,2023W39,
SE-O,Västra Götalandsregionen,2023,39,2023-10-01,0,available,historical,2026-08-25T00:00:00Z,14,2023W39,
SE,Sverige,2023,40,2023-10-08,13,available,historical,2026-08-25T00:00:00Z,00,2023W40,
SE-M,Region Skåne,2023,40,2023-10-08,2,available,historical,2026-08-25T00:00:00Z,12,2023W40,
SE-O,Västra Götalandsregionen,2023,40,2023-10-08,0,available,historical,2026-08-25T00:00:00Z,14,2023W40,
SE,Sverige,2023,41,2023-10-15,28,available,historical,2026-08-25T00:00:00Z,00,2023W41,
SE-M,Region Skåne,2023,41,2023-10-15,5,available,historical,2026-08-25T00:00:00Z,12,2023W41,
SE-O,Västra Götalandsregionen,2023,41,2023-10-15,3,available,historical,2026-08-25T00:00:00Z,14,2023W41,
SE,Sverige,2023,42,2023-10-22,23,available,historical,2026-08-25T00:00:00Z,00,2023W42,
SE-M,Region Skåne,2023,42,2023-10-22,5,available,historical,2026-08-25T00:00:00Z,12,2023W42,
SE-O,Västra Götalandsregionen,2023,42,2023-10-22,1,available,historical,2026-08-25T00:00:00Z,14,2023W42,
SE,Sverige,2023,43,2023-10-29,38,available,historical,2026-08-25T00:00:00Z,00,2023W43,
SE-M,Region Skåne,2023,43,2023-10-29,3,available,historical,2026-08-25T00:00:00Z,12,2023W43,
SE-O,Västra Götalandsregionen,2023,43,2023-10-29,3,available,historical,2026-08-25T00:00:00Z,14,2023W43,
SE,Sverige,2023,44,2023-11-05,86,available,historical,2026-08-25T00:00:00Z,00,2023W44,
SE-M,Region Skåne,2023,44,2023-11-05,5,available,historical,2026-08-25T00:00:00Z,12,2023W44,
SE-O,Västra Götalandsregionen,2023,44,2023-11-05,7,available,historical,2026-08-25T00:00:00Z,14,2023W44,
SE,Sverige,2023,45,2023-11-12,122,available,historical,2026-08-25T00:00:00Z,00,2023W45,
SE-M,Region Skåne,2023,45,2023-11-12,5,available,historical,2026-08-25T00:00:00Z,12,2023W45,
SE-O,Västra Götalandsregionen,2023,45,2023-11-12,4,available,historical,2026-08-25T00:00:00Z,14,2023W45,
SE,Sverige,2023,46,2023-11-19,111,available,historical,2026-08-25T00:00:00Z,00,2023W46,
SE-M,Region Skåne,2023,46,2023-11-19,6,available,historical,2026-08-25T00:00:00Z,12,2023W46,
SE-O,Västra Götalandsregionen,2023,46,2023-11-19,11,available,historical,2026-08-25T00:00:00Z,14,2023W46,
SE,Sverige,2023,47,2023-11-26,180,available,historical,2026-08-25T00:00:00Z,00,2023W47,
SE-M,Region Skåne,2023,47,2023-11-26,22,available,historical,2026-08-25T00:00:00Z,12,2023W47,
SE-O,Västra Götalandsregionen,2023,47,2023-11-26,18,available,historical,2026-08-25T00:00:00Z,14,2023W47,
SE,Sverige,2023,48,2023-12-03,285,available,historical,2026-08-25T00:00:00Z,00,2023W48,
SE-M,Region Skåne,2023,48,2023-12-03,11,available,historical,2026-08-25T00:00:00Z,12,2023W48,
SE-O,Västra Götalandsregionen,2023,48,2023-12-03,23,available,historical,2026-08-25T00:00:00Z,14,2023W48,
SE,Sverige,2023,49,2023-12-10,684,available,historical,2026-08-25T00:00:00Z,00,2023W49,
SE-M,Region Skåne,2023,49,2023-12-10,48,available,historical,2026-08-25T00:00:00Z,12,2023W49,
SE-O,Västra Götalandsregionen,2023,49,2023-12-10,47,available,historical,2026-08-25T00:00:00Z,14,2023W49,
SE,Sverige,2023,50,2023-12-17,1186,available,historical,2026-08-25T00:00:00Z,00,2023W50,
SE-M,Region Skåne,2023,50,2023-12-17,95,available,historical,2026-08-25T00:00:00Z,12,2023W50,
SE-O,Västra Götalandsregionen,2023,50,2023-12-17,116,available,historical,2026-08-25T00:00:00Z,14,2023W50,
SE,Sverige,2023,51,2023-12-24,1520,available,historical,2026-08-25T00:00:00Z,00,2023W51,
SE-M,Region Skåne,2023,51,2023-12-24,144,available,historical,2026-08-25T00:00:00Z,12,2023W51,
SE-O,Västra Götalandsregionen,2023,51,2023-12-24,159,available,historical,2026-08-25T00:00:00Z,14,2023W51,
SE,Sverige,2023,52,2023-12-31,1669,available,historical,2026-08-25T00:00:00Z,00,2023W52,
SE-M,Region Skåne,2023,52,2023-12-31,136,available,historical,2026-08-25T00:00:00Z,12,2023W52,
SE-O,Västra Götalandsregionen,2023,52,2023-12-31,152,available,historical,2026-08-25T00:00:00Z,14,2023W52,
SE,Sverige,2024,1,2024-01-07,1350,available,historical,2026-08-25T00:00:00Z,00,2024W01,
SE-M,Region Skåne,2024,1,2024-01-07,117,available,historical,2026-08-25T00:00:00Z,12,2024W01,
SE-O,Västra Götalandsregionen,2024,1,2024-01-07,152,available,historical,2026-08-25T00:00:00Z,14,2024W01,
SE,Sverige,2024,2,2024-01-14,1019,available,historical,2026-08-25T00:00:00Z,00,2024W02,
SE-M,Region Skåne,2024,2,2024-01-14,90,available,historical,2026-08-25T00:00:00Z,12,2024W02,
SE-O,Västra Götalandsregionen,2024,2,2024-01-14,136,available,historical,2026-08-25T00:00:00Z,14,2024W02,
SE,Sverige,2024,3,2024-01-21,939,available,historical,2026-08-25T00:00:00Z,00,2024W03,
SE-M,Region Skåne,2024,3,2024-01-21,90,available,historical,2026-08-25T00:00:00Z,12,2024W03,
SE-O,Västra Götalandsregionen,2024,3,2024-01-21,155,available,historical,2026-08-25T00:00:00Z,14,2024W03,
SE,Sverige,2024,4,2024-01-28,926,available,historical,2026-08-25T00:00:00Z,00,2024W04,
SE-M,Region Skåne,2024,4,2024-01-28,80,available,historical,2026-08-25T00:00:00Z,12,2024W04,
SE-O,Västra Götalandsregionen,2024,4,2024-01-28,169,available,historical,2026-08-25T00:00:00Z,14,2024W04,
SE,Sverige,2024,5,2024-02-04,919,available,historical,2026-08-25T00:00:00Z,00,2024W05,
SE-M,Region Skåne,2024,5,2024-02-04,84,available,historical,2026-08-25T00:00:00Z,12,2024W05,
SE-O,Västra Götalandsregionen,2024,5,2024-02-04,128,available,historical,2026-08-25T00:00:00Z,14,2024W05,
SE,Sverige,2024,6,2024-02-11,894,available,historical,2026-08-25T00:00:00Z,00,2024W06,
SE-M,Region Skåne,2024,6,2024-02-11,105,available,historical,2026-08-25T00:00:00Z,12,2024W06,
SE-O,Västra Götalandsregionen,2024,6,2024-02-11,121,available,historical,2026-08-25T00:00:00Z,14,2024W06,
SE,Sverige,2024,7,2024-02-18,900,available,historical,2026-08-25T00:00:00Z,00,2024W07,
SE-M,Region Skåne,2024,7,2024-02-18,124,available,historical,2026-08-25T00:00:00Z,12,2024W07,
SE-O,Västra Götalandsregionen,2024,7,2024-02-18,107,available,historical,2026-08-25T00:00:00Z,14,2024W07,
SE,Sverige,2024,8,2024-02-25,820,available,historical,2026-08-25T00:00:00Z,00,2024W08,
SE-M,Region Skåne,2024,8,2024-02-25,78,available,historical,2026-08-25T00:00:00Z,12,2024W08,
SE-O,Västra Götalandsregionen,2024,8,2024-02-25,118,available,historical,2026-08-25T00:00:00Z,14,2024W08,
SE,Sverige,2024,9,2024-03-03,644,available,historical,2026-08-25T00:00:00Z,00,2024W09,
SE-M,Region Skåne,2024,9,2024-03-03,77,available,historical,2026-08-25T00:00:00Z,12,2024W09,
SE-O,Västra Götalandsregionen,2024,9,2024-03-03,73,available,historical,2026-08-25T00:00:00Z,14,2024W09,
SE,Sverige,2024,10,2024-03-10,383,available,historical,2026-08-25T00:00:00Z,00,2024W10,
SE-M,Region Skåne,2024,10,2024-03-10,32,available,historical,2026-08-25T00:00:00Z,12,2024W10,
SE-O,Västra Götalandsregionen,2024,10,2024-03-10,36,available,historical,2026-08-25T00:00:00Z,14,2024W10,
SE,Sverige,2024,11,2024-03-17,412,available,historical,2026-08-25T00:00:00Z,00,2024W11,
SE-M,Region Skåne,2024,11,2024-03-17,39,available,historical,2026-08-25T00:00:00Z,12,2024W11,
SE-O,Västra Götalandsregionen,2024,11,2024-03-17,43,available,historical,2026-08-25T00:00:00Z,14,2024W11,
SE,Sverige,2024,12,2024-03-24,259,available,historical,2026-08-25T00:00:00Z,00,2024W12,
SE-M,Region Skåne,2024,12,2024-03-24,28,available,historical,2026-08-25T00:00:00Z,12,2024W12,
SE-O,Västra Götalandsregionen,2024,12,2024-03-24,28,available,historical,2026-08-25T00:00:00Z,14,2024W12,
SE,Sverige,2024,13,2024-03-31,226,available,historical,2026-08-25T00:00:00Z,00,2024W13,
SE-M,Region Skåne,2024,13,2024-03-31,21,available,historical,2026-08-25T00:00:00Z,12,2024W13,
SE-O,Västra Götalandsregionen,2024,13,2024-03-31,9,available,historical,2026-08-25T00:00:00Z,14,2024W13,
SE,Sverige,2024,14,2024-04-07,184,available,historical,2026-08-25T00:00:00Z,00,2024W14,
SE-M,Region Skåne,2024,14,2024-04-07,17,available,historical,2026-08-25T00:00:00Z,12,2024W14,
SE-O,Västra Götalandsregionen,2024,14,2024-04-07,7,available,historical,2026-08-25T00:00:00Z,14,2024W14,
SE,Sverige,2024,15,2024-04-14,150,available,historical,2026-08-25T00:00:00Z,00,2024W15,
SE-M,Region Skåne,2024,15,2024-04-14,9,available,historical,2026-08-25T00:00:00Z,12,2024W15,
SE-O,Västra Götalandsregionen,2024,15,2024-04-14,10,available,historical,2026-08-25T00:00:00Z,14,2024W15,
SE,Sverige,2024,16,2024-04-21,128,available,historical,2026-08-25T00:00:00Z,00,2024W16,
SE-M,Region Skåne,2024,16,2024-04-21,6,available,historical,2026-08-25T00:00:00Z,12,2024W16,
SE-O,Västra Götalandsregionen,2024,16,2024-04-21,39,available,historical,2026-08-25T00:00:00Z,14,2024W16,
SE,Sverige,2024,17,2024-04-28,108,available,historical,2026-08-25T00:00:00Z,00,2024W17,
SE-M,Region Skåne,2024,17,2024-04-28,4,available,historical,2026-08-25T00:00:00Z,12,2024W17,
SE-O,Västra Götalandsregionen,2024,17,2024-04-28,12,available,historical,2026-08-25T00:00:00Z,14,2024W17,
SE,Sverige,2024,18,2024-05-05,110,available,historical,2026-08-25T00:00:00Z,00,2024W18,
SE-M,Region Skåne,2024,18,2024-05-05,4,available,historical,2026-08-25T00:00:00Z,12,2024W18,
SE-O,Västra Götalandsregionen,2024,18,2024-05-05,8,available,historical,2026-08-25T00:00:00Z,14,2024W18,
SE,Sverige,2024,19,2024-05-12,120,available,historical,2026-08-25T00:00:00Z,00,2024W19,
SE-M,Region Skåne,2024,19,2024-05-12,3,available,historical,2026-08-25T00:00:00Z,12,2024W19,
SE-O,Västra Götalandsregionen,2024,19,2024-05-12,8,available,historical,2026-08-25T00:00:00Z,14,2024W19,
SE,Sverige,2024,20,2024-05-19,119,available,historical,2026-08-25T00:00:00Z,00,2024W20,
SE-M,Region Skåne,2024,20,2024-05-19,5,available,historical,2026-08-25T00:00:00Z,12,2024W20,
SE-O,Västra Götalandsregionen,2024,20,2024-05-19,15,available,historical,2026-08-25T00:00:00Z,14,2024W20,
SE,Sverige,2024,21,2024-05-26,59,available,historical,2026-08-25T00:00:00Z,00,2024W21,
SE-M,Region Skåne,2024,21,2024-05-26,2,available,historical,2026-08-25T00:00:00Z,12,2024W21,
SE-O,Västra Götalandsregionen,2024,21,2024-05-26,4,available,historical,2026-08-25T00:00:00Z,14,2024W21,
SE,Sverige,2024,22,2024-06-02,45,available,historical,2026-08-25T00:00:00Z,00,2024W22,
SE-M,Region Skåne,2024,22,2024-06-02,1,available,historical,2026-08-25T00:00:00Z,12,2024W22,
SE-O,Västra Götalandsregionen,2024,22,2024-06-02,1,available,historical,2026-08-25T00:00:00Z,14,2024W22,
SE,Sverige,2024,23,2024-06-09,25,available,historical,2026-08-25T00:00:00Z,00,2024W23,
SE-M,Region Skåne,2024,23,2024-06-09,1,available,historical,2026-08-25T00:00:00Z,12,2024W23,
SE-O,Västra Götalandsregionen,2024,23,2024-06-09,1,available,historical,2026-08-25T00:00:00Z,14,2024W23,
SE,Sverige,2024,24,2024-06-16,21,available,historical,2026-08-25T00:00:00Z,00,2024W24,
SE-M,Region Skåne,2024,24,2024-06-16,0,available,historical,2026-08-25T00:00:00Z,12,2024W24,
SE-O,Västra Götalandsregionen,2024,24,2024-06-16,2,available,historical,2026-08-25T00:00:00Z,14,2024W24,
SE,Sverige,2024,25,2024-06-23,24,available,historical,2026-08-25T00:00:00Z,00,2024W25,
SE-M,Region Skåne,2024,25,2024-06-23,0,available,historical,2026-08-25T00:00:00Z,12,2024W25,
SE-O,Västra Götalandsregionen,2024,25,2024-06-23,3,available,historical,2026-08-25T00:00:00Z,14,2024W25,
SE,Sverige,2024,26,2024-06-30,21,available,historical,2026-08-25T00:00:00Z,00,2024W26,
SE-M,Region Skåne,2024,26,2024-06-30,0,available,historical,2026-08-25T00:00:00Z,12,2024W26,
SE-O,Västra Götalandsregionen,2024,26,2024-06-30,1,available,historical,2026-08-25T00:00:00Z,14,2024W26,
SE,Sverige,2024,27,2024-07-07,14,available,historical,2026-08-25T00:00:00Z,00,2024W27,
SE-M,Region Skåne,2024,27,2024-07-07,2,available,historical,2026-08-25T00:00:00Z,12,2024W27,
SE-O,Västra Götalandsregionen,2024,27,2024-07-07,0,available,historical,2026-08-25T00:00:00Z,14,2024W27,
SE,Sverige,2024,28,2024-07-14,27,available,historical,2026-08-25T00:00:00Z,00,2024W28,
SE-M,Region Skåne,2024,28,2024-07-14,1,available,historical,2026-08-25T00:00:00Z,12,2024W28,
SE-O,Västra Götalandsregionen,2024,28,2024-07-14,0,available,historical,2026-08-25T00:00:00Z,14,2024W28,
SE,Sverige,2024,29,2024-07-21,28,available,historical,2026-08-25T00:00:00Z,00,2024W29,
SE-M,Region Skåne,2024,29,2024-07-21,4,available,historical,2026-08-25T00:00:00Z,12,2024W29,
SE-O,Västra Götalandsregionen,2024,29,2024-07-21,2,available,historical,2026-08-25T00:00:00Z,14,2024W29,
SE,Sverige,2024,30,2024-07-28,10,available,historical,2026-08-25T00:00:00Z,00,2024W30,
SE-M,Region Skåne,2024,30,2024-07-28,1,available,historical,2026-08-25T00:00:00Z,12,2024W30,
SE-O,Västra Götalandsregionen,2024,30,2024-07-28,2,available,historical,2026-08-25T00:00:00Z,14,2024W30,
SE,Sverige,2024,31,2024-08-04,38,available,historical,2026-08-25T00:00:00Z,00,2024W31,
SE-M,Region Skåne,2024,31,2024-08-04,3,available,historical,2026-08-25T00:00:00Z,12,2024W31,
SE-O,Västra Götalandsregionen,2024,31,2024-08-04,1,available,historical,2026-08-25T00:00:00Z,14,2024W31,
SE,Sverige,2024,32,2024-08-11,39,available,historical,2026-08-25T00:00:00Z,00,2024W32,
SE-M,Region Skåne,2024,32,2024-08-11,1,available,historical,2026-08-25T00:00:00Z,12,2024W32,
SE-O,Västra Götalandsregionen,2024,32,2024-08-11,1,available,historical,2026-08-25T00:00:00Z,14,2024W32,
SE,Sverige,2024,33,2024-08-18,25,available,historical,2026-08-25T00:00:00Z,00,2024W33,
SE-M,Region Skåne,2024,33,2024-08-18,0,available,historical,2026-08-25T00:00:00Z,12,2024W33,
SE-O,Västra Götalandsregionen,2024,33,2024-08-18,1,available,historical,2026-08-25T00:00:00Z,14,2024W33,
SE,Sverige,2024,34,2024-08-25,19,available,historical,2026-08-25T00:00:00Z,00,2024W34,
SE-M,Region Skåne,2024,34,2024-08-25,1,available,historical,2026-08-25T00:00:00Z,12,2024W34,
SE-O,Västra Götalandsregionen,2024,34,2024-08-25,4,available,historical,2026-08-25T00:00:00Z,14,2024W34,
SE,Sverige,2024,35,2024-09-01,12,available,historical,2026-08-25T00:00:00Z,00,2024W35,
SE-M,Region Skåne,2024,35,2024-09-01,1,available,historical,2026-08-25T00:00:00Z,12,2024W35,
SE-O,Västra Götalandsregionen,2024,35,2024-09-01,2,available,historical,2026-08-25T00:00:00Z,14,2024W35,
SE,Sverige,2024,36,2024-09-08,11,available,historical,2026-08-25T00:00:00Z,00,2024W36,
SE-M,Region Skåne,2024,36,2024-09-08,0,available,historical,2026-08-25T00:00:00Z,12,2024W36,
SE-O,Västra Götalandsregionen,2024,36,2024-09-08,4,available,historical,2026-08-25T00:00:00Z,14,2024W36,
SE,Sverige,2024,37,2024-09-15,8,available,historical,2026-08-25T00:00:00Z,00,2024W37,
SE-M,Region Skåne,2024,37,2024-09-15,1,available,historical,2026-08-25T00:00:00Z,12,2024W37,
SE-O,Västra Götalandsregionen,2024,37,2024-09-15,1,available,historical,2026-08-25T00:00:00Z,14,2024W37,
SE,Sverige,2024,38,2024-09-22,10,available,historical,2026-08-25T00:00:00Z,00,2024W38,
SE-M,Region Skåne,2024,38,2024-09-22,3,available,historical,2026-08-25T00:00:00Z,12,2024W38,
SE-O,Västra Götalandsregionen,2024,38,2024-09-22,1,available,historical,2026-08-25T00:00:00Z,14,2024W38,
SE,Sverige,2024,39,2024-09-29,9,available,historical,2026-08-25T00:00:00Z,00,2024W39,
SE-M,Region Skåne,2024,39,2024-09-29,0,available,historical,2026-08-25T00:00:00Z,12,2024W39,
SE-O,Västra Götalandsregionen,2024,39,2024-09-29,4,available,historical,2026-08-25T00:00:00Z,14,2024W39,
SE,Sverige,2024,40,2024-10-06,11,available,historical,2026-08-25T00:00:00Z,00,2024W40,
SE-M,Region Skåne,2024,40,2024-10-06,1,available,historical,2026-08-25T00:00:00Z,12,2024W40,
SE-O,Västra Götalandsregionen,2024,40,2024-10-06,1,available,historical,2026-08-25T00:00:00Z,14,2024W40,
SE,Sverige,2024,41,2024-10-13,23,available,historical,2026-08-25T00:00:00Z,00,2024W41,
SE-M,Region Skåne,2024,41,2024-10-13,1,available,historical,2026-08-25T00:00:00Z,12,2024W41,
SE-O,Västra Götalandsregionen,2024,41,2024-10-13,4,available,historical,2026-08-25T00:00:00Z,14,2024W41,
SE,Sverige,2024,42,2024-10-20,32,available,historical,2026-08-25T00:00:00Z,00,2024W42,
SE-M,Region Skåne,2024,42,2024-10-20,2,available,historical,2026-08-25T00:00:00Z,12,2024W42,
SE-O,Västra Götalandsregionen,2024,42,2024-10-20,5,available,historical,2026-08-25T00:00:00Z,14,2024W42,
SE,Sverige,2024,43,2024-10-27,39,available,historical,2026-08-25T00:00:00Z,00,2024W43,
SE-M,Region Skåne,2024,43,2024-10-27,3,available,historical,2026-08-25T00:00:00Z,12,2024W43,
SE-O,Västra Götalandsregionen,2024,43,2024-10-27,4,available,historical,2026-08-25T00:00:00Z,14,2024W43,
SE,Sverige,2024,44,2024-11-03,33,available,historical,2026-08-25T00:00:00Z,00,2024W44,
SE-M,Region Skåne,2024,44,2024-11-03,3,available,historical,2026-08-25T00:00:00Z,12,2024W44,
SE-O,Västra Götalandsregionen,2024,44,2024-11-03,6,available,historical,2026-08-25T00:00:00Z,14,2024W44,
SE,Sverige,2024,45,2024-11-10,26,available,historical,2026-08-25T00:00:00Z,00,2024W45,
SE-M,Region Skåne,2024,45,2024-11-10,5,available,historical,2026-08-25T00:00:00Z,12,2024W45,
SE-O,Västra Götalandsregionen,2024,45,2024-11-10,7,available,historical,2026-08-25T00:00:00Z,14,2024W45,
SE,Sverige,2024,46,2024-11-17,45,available,historical,2026-08-25T00:00:00Z,00,2024W46,
SE-M,Region Skåne,2024,46,2024-11-17,8,available,historical,2026-08-25T00:00:00Z,12,2024W46,
SE-O,Västra Götalandsregionen,2024,46,2024-11-17,3,available,historical,2026-08-25T00:00:00Z,14,2024W46,
SE,Sverige,2024,47,2024-11-24,33,available,historical,2026-08-25T00:00:00Z,00,2024W47,
SE-M,Region Skåne,2024,47,2024-11-24,5,available,historical,2026-08-25T00:00:00Z,12,2024W47,
SE-O,Västra Götalandsregionen,2024,47,2024-11-24,3,available,historical,2026-08-25T00:00:00Z,14,2024W47,
SE,Sverige,2024,48,2024-12-01,68,available,historical,2026-08-25T00:00:00Z,00,2024W48,
SE-M,Region Skåne,2024,48,2024-12-01,11,available,historical,2026-08-25T00:00:00Z,12,2024W48,
SE-O,Västra Götalandsregionen,2024,48,2024-12-01,9,available,historical,2026-08-25T00:00:00Z,14,2024W48,
SE,Sverige,2024,49,2024-12-08,89,available,historical,2026-08-25T00:00:00Z,00,2024W49,
SE-M,Region Skåne,2024,49,2024-12-08,14,available,historical,2026-08-25T00:00:00Z,12,2024W49,
SE-O,Västra Götalandsregionen,2024,49,2024-12-08,6,available,historical,2026-08-25T00:00:00Z,14,2024W49,
SE,Sverige,2024,50,2024-12-15,253,available,historical,2026-08-25T00:00:00Z,00,2024W50,
SE-M,Region Skåne,2024,50,2024-12-15,45,available,historical,2026-08-25T00:00:00Z,12,2024W50,
SE-O,Västra Götalandsregionen,2024,50,2024-12-15,12,available,historical,2026-08-25T00:00:00Z,14,2024W50,
SE,Sverige,2024,51,2024-12-22,472,available,historical,2026-08-25T00:00:00Z,00,2024W51,
SE-M,Region Skåne,2024,51,2024-12-22,78,available,historical,2026-08-25T00:00:00Z,12,2024W51,
SE-O,Västra Götalandsregionen,2024,51,2024-12-22,27,available,historical,2026-08-25T00:00:00Z,14,2024W51,
SE,Sverige,2024,52,2024-12-29,672,available,historical,2026-08-25T00:00:00Z,00,2024W52,
SE-M,Region Skåne,2024,52,2024-12-29,116,available,historical,2026-08-25T00:00:00Z,12,2024W52,
SE-O,Västra Götalandsregionen,2024,52,2024-12-29,42,available,historical,2026-08-25T00:00:00Z,14,2024W52,
SE,Sverige,2025,1,2025-01-05,731,available,historical,2026-08-25T00:00:00Z,00,2025W01,
SE-M,Region Skåne,2025,1,2025-01-05,114,available,historical,2026-08-25T00:00:00Z,12,2025W01,
SE-O,Västra Götalandsregionen,2025,1,2025-01-05,57,available,historical,2026-08-25T00:00:00Z,14,2025W01,
SE,Sverige,2025,2,2025-01-12,677,available,historical,2026-08-25T00:00:00Z,00,2025W02,
SE-M,Region Skåne,2025,2,2025-01-12,87,available,historical,2026-08-25T00:00:00Z,12,2025W02,
SE-O,Västra Götalandsregionen,2025,2,2025-01-12,70,available,historical,2026-08-25T00:00:00Z,14,2025W02,
SE,Sverige,2025,3,2025-01-19,774,available,historical,2026-08-25T00:00:00Z,00,2025W03,
SE-M,Region Skåne,2025,3,2025-01-19,92,available,historical,2026-08-25T00:00:00Z,12,2025W03,
SE-O,Västra Götalandsregionen,2025,3,2025-01-19,104,available,historical,2026-08-25T00:00:00Z,14,2025W03,
SE,Sverige,2025,4,2025-01-26,939,available,historical,2026-08-25T00:00:00Z,00,2025W04,
SE-M,Region Skåne,2025,4,2025-01-26,128,available,historical,2026-08-25T00:00:00Z,12,2025W04,
SE-O,Västra Götalandsregionen,2025,4,2025-01-26,123,available,historical,2026-08-25T00:00:00Z,14,2025W04,
SE,Sverige,2025,5,2025-02-02,1208,available,historical,2026-08-25T00:00:00Z,00,2025W05,
SE-M,Region Skåne,2025,5,2025-02-02,171,available,historical,2026-08-25T00:00:00Z,12,2025W05,
SE-O,Västra Götalandsregionen,2025,5,2025-02-02,168,available,historical,2026-08-25T00:00:00Z,14,2025W05,
SE,Sverige,2025,6,2025-02-09,1376,available,historical,2026-08-25T00:00:00Z,00,2025W06,
SE-M,Region Skåne,2025,6,2025-02-09,188,available,historical,2026-08-25T00:00:00Z,12,2025W06,
SE-O,Västra Götalandsregionen,2025,6,2025-02-09,171,available,historical,2026-08-25T00:00:00Z,14,2025W06,
SE,Sverige,2025,7,2025-02-16,1817,available,historical,2026-08-25T00:00:00Z,00,2025W07,
SE-M,Region Skåne,2025,7,2025-02-16,214,available,historical,2026-08-25T00:00:00Z,12,2025W07,
SE-O,Västra Götalandsregionen,2025,7,2025-02-16,222,available,historical,2026-08-25T00:00:00Z,14,2025W07,
SE,Sverige,2025,8,2025-02-23,2267,available,historical,2026-08-25T00:00:00Z,00,2025W08,
SE-M,Region Skåne,2025,8,2025-02-23,265,available,historical,2026-08-25T00:00:00Z,12,2025W08,
SE-O,Västra Götalandsregionen,2025,8,2025-02-23,230,available,historical,2026-08-25T00:00:00Z,14,2025W08,
SE,Sverige,2025,9,2025-03-02,2504,available,historical,2026-08-25T00:00:00Z,00,2025W09,
SE-M,Region Skåne,2025,9,2025-03-02,292,available,historical,2026-08-25T00:00:00Z,12,2025W09,
SE-O,Västra Götalandsregionen,2025,9,2025-03-02,337,available,historical,2026-08-25T00:00:00Z,14,2025W09,
SE,Sverige,2025,10,2025-03-09,2210,available,historical,2026-08-25T00:00:00Z,00,2025W10,
SE-M,Region Skåne,2025,10,2025-03-09,196,available,historical,2026-08-25T00:00:00Z,12,2025W10,
SE-O,Västra Götalandsregionen,2025,10,2025-03-09,279,available,historical,2026-08-25T00:00:00Z,14,2025W10,
SE,Sverige,2025,11,2025-03-16,1581,available,historical,2026-08-25T00:00:00Z,00,2025W11,
SE-M,Region Skåne,2025,11,2025-03-16,99,available,historical,2026-08-25T00:00:00Z,12,2025W11,
SE-O,Västra Götalandsregionen,2025,11,2025-03-16,190,available,historical,2026-08-25T00:00:00Z,14,2025W11,
SE,Sverige,2025,12,2025-03-23,1306,available,historical,2026-08-25T00:00:00Z,00,2025W12,
SE-M,Region Skåne,2025,12,2025-03-23,89,available,historical,2026-08-25T00:00:00Z,12,2025W12,
SE-O,Västra Götalandsregionen,2025,12,2025-03-23,209,available,historical,2026-08-25T00:00:00Z,14,2025W12,
SE,Sverige,2025,13,2025-03-30,1215,available,historical,2026-08-25T00:00:00Z,00,2025W13,
SE-M,Region Skåne,2025,13,2025-03-30,86,available,historical,2026-08-25T00:00:00Z,12,2025W13,
SE-O,Västra Götalandsregionen,2025,13,2025-03-30,149,available,historical,2026-08-25T00:00:00Z,14,2025W13,
SE,Sverige,2025,14,2025-04-06,1038,available,historical,2026-08-25T00:00:00Z,00,2025W14,
SE-M,Region Skåne,2025,14,2025-04-06,53,available,historical,2026-08-25T00:00:00Z,12,2025W14,
SE-O,Västra Götalandsregionen,2025,14,2025-04-06,122,available,historical,2026-08-25T00:00:00Z,14,2025W14,
SE,Sverige,2025,15,2025-04-13,955,available,historical,2026-08-25T00:00:00Z,00,2025W15,
SE-M,Region Skåne,2025,15,2025-04-13,49,available,historical,2026-08-25T00:00:00Z,12,2025W15,
SE-O,Västra Götalandsregionen,2025,15,2025-04-13,136,available,historical,2026-08-25T00:00:00Z,14,2025W15,
SE,Sverige,2025,16,2025-04-20,808,available,historical,2026-08-25T00:00:00Z,00,2025W16,
SE-M,Region Skåne,2025,16,2025-04-20,41,available,historical,2026-08-25T00:00:00Z,12,2025W16,
SE-O,Västra Götalandsregionen,2025,16,2025-04-20,92,available,historical,2026-08-25T00:00:00Z,14,2025W16,
SE,Sverige,2025,17,2025-04-27,479,available,historical,2026-08-25T00:00:00Z,00,2025W17,
SE-M,Region Skåne,2025,17,2025-04-27,15,available,historical,2026-08-25T00:00:00Z,12,2025W17,
SE-O,Västra Götalandsregionen,2025,17,2025-04-27,49,available,historical,2026-08-25T00:00:00Z,14,2025W17,
SE,Sverige,2025,18,2025-05-04,290,available,historical,2026-08-25T00:00:00Z,00,2025W18,
SE-M,Region Skåne,2025,18,2025-05-04,19,available,historical,2026-08-25T00:00:00Z,12,2025W18,
SE-O,Västra Götalandsregionen,2025,18,2025-05-04,27,available,historical,2026-08-25T00:00:00Z,14,2025W18,
SE,Sverige,2025,19,2025-05-11,216,available,historical,2026-08-25T00:00:00Z,00,2025W19,
SE-M,Region Skåne,2025,19,2025-05-11,5,available,historical,2026-08-25T00:00:00Z,12,2025W19,
SE-O,Västra Götalandsregionen,2025,19,2025-05-11,48,available,historical,2026-08-25T00:00:00Z,14,2025W19,
SE,Sverige,2025,20,2025-05-18,183,available,historical,2026-08-25T00:00:00Z,00,2025W20,
SE-M,Region Skåne,2025,20,2025-05-18,8,available,historical,2026-08-25T00:00:00Z,12,2025W20,
SE-O,Västra Götalandsregionen,2025,20,2025-05-18,36,available,historical,2026-08-25T00:00:00Z,14,2025W20,
SE,Sverige,2025,21,2025-05-25,131,available,historical,2026-08-25T00:00:00Z,00,2025W21,
SE-M,Region Skåne,2025,21,2025-05-25,7,available,historical,2026-08-25T00:00:00Z,12,2025W21,
SE-O,Västra Götalandsregionen,2025,21,2025-05-25,22,available,historical,2026-08-25T00:00:00Z,14,2025W21,
SE,Sverige,2025,22,2025-06-01,97,available,historical,2026-08-25T00:00:00Z,00,2025W22,
SE-M,Region Skåne,2025,22,2025-06-01,7,available,historical,2026-08-25T00:00:00Z,12,2025W22,
SE-O,Västra Götalandsregionen,2025,22,2025-06-01,10,available,historical,2026-08-25T00:00:00Z,14,2025W22,
SE,Sverige,2025,23,2025-06-08,69,available,historical,2026-08-25T00:00:00Z,00,2025W23,
SE-M,Region Skåne,2025,23,2025-06-08,5,available,historical,2026-08-25T00:00:00Z,12,2025W23,
SE-O,Västra Götalandsregionen,2025,23,2025-06-08,3,available,historical,2026-08-25T00:00:00Z,14,2025W23,
SE,Sverige,2025,24,2025-06-15,48,available,historical,2026-08-25T00:00:00Z,00,2025W24,
SE-M,Region Skåne,2025,24,2025-06-15,2,available,historical,2026-08-25T00:00:00Z,12,2025W24,
SE-O,Västra Götalandsregionen,2025,24,2025-06-15,1,available,historical,2026-08-25T00:00:00Z,14,2025W24,
SE,Sverige,2025,25,2025-06-22,29,available,historical,2026-08-25T00:00:00Z,00,2025W25,
SE-M,Region Skåne,2025,25,2025-06-22,1,available,historical,2026-08-25T00:00:00Z,12,2025W25,
SE-O,Västra Götalandsregionen,2025,25,2025-06-22,2,available,historical,2026-08-25T00:00:00Z,14,2025W25,
SE,Sverige,2025,26,2025-06-29,29,available,historical,2026-08-25T00:00:00Z,00,2025W26,
SE-M,Region Skåne,2025,26,2025-06-29,1,available,historical,2026-08-25T00:00:00Z,12,2025W26,
SE-O,Västra Götalandsregionen,2025,26,2025-06-29,7,available,historical,2026-08-25T00:00:00Z,14,2025W26,
SE,Sverige,2025,27,2025-07-06,18,available,historical,2026-08-25T00:00:00Z,00,2025W27,
SE-M,Region Skåne,2025,27,2025-07-06,3,available,historical,2026-08-25T00:00:00Z,12,2025W27,
SE-O,Västra Götalandsregionen,2025,27,2025-07-06,1,available,historical,2026-08-25T00:00:00Z,14,2025W27,
SE,Sverige,2025,28,2025-07-13,26,available,historical,2026-08-25T00:00:00Z,00,2025W28,
SE-M,Region Skåne,2025,28,2025-07-13,2,available,historical,2026-08-25T00:00:00Z,12,2025W28,
SE-O,Västra Götalandsregionen,2025,28,2025-07-13,1,available,historical,2026-08-25T00:00:00Z,14,2025W28,
SE,Sverige,2025,29,2025-07-20,20,available,historical,2026-08-25T00:00:00Z,00,2025W29,
SE-M,Region Skåne,2025,29,2025-07-20,2,available,historical,2026-08-25T00:00:00Z,12,2025W29,
SE-O,Västra Götalandsregionen,2025,29,2025-07-20,2,available,historical,2026-08-25T00:00:00Z,14,2025W29,
SE,Sverige,2025,30,2025-07-27,12,available,historical,2026-08-25T00:00:00Z,00,2025W30,
SE-M,Region Skåne,2025,30,2025-07-27,0,available,historical,2026-08-25T00:00:00Z,12,2025W30,
SE-O,Västra Götalandsregionen,2025,30,2025-07-27,3,available,historical,2026-08-25T00:00:00Z,14,2025W30,
SE,Sverige,2025,31,2025-08-03,15,available,historical,2026-08-25T00:00:00Z,00,2025W31,
SE-M,Region Skåne,2025,31,2025-08-03,2,available,historical,2026-08-25T00:00:00Z,12,2025W31,
SE-O,Västra Götalandsregionen,2025,31,2025-08-03,1,available,historical,2026-08-25T00:00:00Z,14,2025W31,
SE,Sverige,2025,32,2025-08-10,11,available,historical,2026-08-25T00:00:00Z,00,2025W32,
SE-M,Region Skåne,2025,32,2025-08-10,2,available,historical,2026-08-25T00:00:00Z,12,2025W32,
SE-O,Västra Götalandsregionen,2025,32,2025-08-10,1,available,historical,2026-08-25T00:00:00Z,14,2025W32,
SE,Sverige,2025,33,2025-08-17,16,available,historical,2026-08-25T00:00:00Z,00,2025W33,
SE-M,Region Skåne,2025,33,2025-08-17,3,available,historical,2026-08-25T00:00:00Z,12,2025W33,
SE-O,Västra Götalandsregionen,2025,33,2025-08-17,3,available,historical,2026-08-25T00:00:00Z,14,2025W33,
SE,Sverige,2025,34,2025-08-24,10,available,historical,2026-08-25T00:00:00Z,00,2025W34,
SE-M,Region Skåne,2025,34,2025-08-24,2,available,historical,2026-08-25T00:00:00Z,12,2025W34,
SE-O,Västra Götalandsregionen,2025,34,2025-08-24,0,available,historical,2026-08-25T00:00:00Z,14,2025W34,
SE,Sverige,2025,35,2025-08-31,24,available,historical,2026-08-25T00:00:00Z,00,2025W35,
SE-M,Region Skåne,2025,35,2025-08-31,2,available,historical,2026-08-25T00:00:00Z,12,2025W35,
SE-O,Västra Götalandsregionen,2025,35,2025-08-31,0,available,historical,2026-08-25T00:00:00Z,14,2025W35,
SE,Sverige,2025,36,2025-09-07,25,available,historical,2026-08-25T00:00:00Z,00,2025W36,
SE-M,Region Skåne,2025,36,2025-09-07,2,available,historical,2026-08-25T00:00:00Z,12,2025W36,
SE-O,Västra Götalandsregionen,2025,36,2025-09-07,5,available,historical,2026-08-25T00:00:00Z,14,2025W36,
SE,Sverige,2025,37,2025-09-14,9,available,historical,2026-08-25T00:00:00Z,00,2025W37,
SE-M,Region Skåne,2025,37,2025-09-14,0,available,historical,2026-08-25T00:00:00Z,12,2025W37,
SE-O,Västra Götalandsregionen,2025,37,2025-09-14,1,available,historical,2026-08-25T00:00:00Z,14,2025W37,
SE,Sverige,2025,38,2025-09-21,16,available,historical,2026-08-25T00:00:00Z,00,2025W38,
SE-M,Region Skåne,2025,38,2025-09-21,2,available,historical,2026-08-25T00:00:00Z,12,2025W38,
SE-O,Västra Götalandsregionen,2025,38,2025-09-21,2,available,historical,2026-08-25T00:00:00Z,14,2025W38,
SE,Sverige,2025,39,2025-09-28,14,available,historical,2026-08-25T00:00:00Z,00,2025W39,
SE-M,Region Skåne,2025,39,2025-09-28,1,available,historical,2026-08-25T00:00:00Z,12,2025W39,
SE-O,Västra Götalandsregionen,2025,39,2025-09-28,3,available,historical,2026-08-25T00:00:00Z,14,2025W39,
SE,Sverige,2025,40,2025-10-05,29,available,historical,2026-08-25T00:00:00Z,00,2025W40,
SE-M,Region Skåne,2025,40,2025-10-05,1,available,historical,2026-08-25T00:00:00Z,12,2025W40,
SE-O,Västra Götalandsregionen,2025,40,2025-10-05,3,available,historical,2026-08-25T00:00:00Z,14,2025W40,
